episode,mean_loss,std_loss
0,116.16469992834645,185.94906585659191
1,81.73280862816587,65.52926614253414
2,107.61314461637339,104.74384628222778
3,66.65961358240118,87.07881293460696
4,74.46235640895564,74.47513129070163
5,43.80663464926265,27.262835635915476
6,69.52882518106037,83.56871773643148
7,89.67092775257227,120.58970435335719
8,76.4519638190537,94.11270805628072
9,60.280264909188894,64.17361035676218
10,62.749479526090724,70.09407195982236
11,50.19401454496027,62.80034522935743
12,72.19018026169344,95.60646028616357
13,54.4679011671332,71.18855761262661
14,49.34803353072309,49.69073622146044
15,56.27743526696845,61.21567044762191
16,41.28117859067602,44.41471316602601
17,50.29808787567185,64.98120627663656
18,44.73895507068155,60.68838232273602
19,56.97817027228952,76.41973535243177
20,63.7230764234374,96.13288208211338
21,49.93010107218724,62.105837216400126
22,43.27481235799231,56.56374065148696
23,44.85615615466945,54.616916349152795
24,29.47906510317673,27.39243888339719
25,41.97604609829064,70.51686420141552
26,31.488008509179735,42.96681999500563
27,36.28061434062297,35.228411357713085
28,70.6502391987552,172.716401692829
29,50.11405363450278,66.94437577447647
30,38.57938623465567,46.74738626242951
31,35.08190554985497,39.754640306781496
32,48.879081087963456,75.80253418245012
33,30.740767792639463,54.97937726500657
34,39.20185012822433,54.356354453910306
35,43.556678760437464,71.0154700201895
36,30.586646100579422,38.54011561305235
37,35.88787433188371,66.48709439326282
38,37.72267000531717,67.48314740943715
39,31.089107306532117,44.7414294049198
40,24.856046757842524,34.25457289534626
41,29.83088643297531,29.838044232848286
42,30.04778489289987,45.54451908164394
43,38.21760457526379,60.5402906211
44,34.72151127269047,53.656461097814834
45,37.46714732656093,61.66536071435341
46,33.459443023895986,59.62729465474362
47,31.207645399461306,47.90714456943789
48,34.54207434218593,56.00201305775869
49,29.82297316037104,52.39341462873751
50,25.55342119260424,42.168678169769706
51,27.174555827532153,36.74610304001478
52,22.44949764564826,26.72728039729253
53,20.547274621540076,24.387658597160602
54,25.09287006712189,39.22148657515983
55,26.441200271657088,40.400634600828006
56,28.422075618449533,48.39462195295273
57,31.252820699434523,50.48373222595036
58,22.63975966248297,50.012621497527064
59,27.578487914589505,45.32573650631362
60,22.702116918303727,32.07025547562365
61,22.817095761538987,38.86623468771192
62,26.241187983483524,46.2552206077114
63,26.790659129299097,52.1655610690007
64,22.817540343072928,29.923055527040415
65,19.948569766332916,26.317119913083406
66,27.796473184246498,55.19415240359193
67,21.874815407816737,32.82105747946867
68,21.673051921874126,40.47795653149217
69,17.849032812901967,29.568755411790665
70,19.960044642632646,30.462327518057048
71,22.787134233355,39.85671517543533
72,20.74135620707322,37.56789050655394
73,22.543344996063297,42.208450742945956
74,16.07752271871673,22.87045796613575
75,16.169328386438963,19.16612881262324
76,15.227066049253915,17.09848447137464
77,17.271126416325014,32.75405942698243
78,17.794558607093883,32.43124419329003
79,18.824983180827257,30.49026175395268
80,16.884497008833634,25.299650122806053
81,17.862092976916944,30.152638636992528
82,12.80629708210795,16.410566218000486
83,11.071249291597269,16.931313617572446
84,12.533969469785166,17.323661183288266
85,13.020779674485789,23.311800581381114
86,13.409447925639416,21.54648120940996
87,13.89756051147872,21.5728582718492
88,14.614261156094107,29.249192037914987
89,15.668600952922315,25.072874195272323
90,17.27373827924199,29.806353560677668
91,15.645831230643068,26.302225851055905
92,11.139019667548634,16.646117534084635
93,11.791450369043059,15.951493944917297
94,15.51385842906932,29.3311355470093
95,10.634143761923301,15.143092567603398
96,13.93611195495902,22.661364360191456
97,13.727622631698187,28.900458924237025
98,11.051382874459588,16.252671166445783
99,12.229005828070896,16.23947821686144
100,16.421684602363413,30.597539890042956
101,12.47332841879537,23.396660592281854
102,13.058685173422628,22.52689530634889
103,9.189998015815627,13.646954130139823
104,14.320652698878689,29.971693271686455
105,9.803374205392396,14.52098429069796
106,10.714522070715162,15.516709150959755
107,12.288838560157576,24.211559716839993
108,10.229481855819582,16.92250363305619
109,11.424372843760283,23.351516597378293
110,12.396299581676505,21.10796176832124
111,6.917142571138394,8.664154013434874
112,7.179322667690974,10.60818316916542
113,13.218868513721967,32.16802395969018
114,11.792125044054064,24.035807704018495
115,13.050645686213235,30.30585728483352
116,8.75454253646958,17.76316972070946
117,7.4700889684510585,9.615823139425611
118,10.395296006199725,17.198570450815136
119,9.15939419210704,16.740301452328943
120,7.989229540316138,13.377682206563948
121,9.63018976522902,19.24250336652696
122,8.253796518777122,12.74808097280773
123,10.144877665715805,16.352989531227593
124,8.11311973711092,11.543479430752818
125,8.78709572387086,12.33338993365292
126,7.489891982977872,10.659827460521186
127,6.777860767106643,9.371961542369368
128,8.337353482700046,10.134409155543352
129,12.041013160729904,18.363297962378105
130,12.78329839591072,20.307575769799517
131,8.043725324621953,8.807028652784386
132,9.298828290487887,18.049631721429705
133,9.787533279354506,19.60057564096119
134,11.441539697896859,16.275091850232943
135,8.552543113053023,13.501568007053125
136,9.778474752071533,20.845001799329182
137,6.492718870364524,9.601921987702251
138,7.714176825041892,11.993054046127819
139,12.253851239561312,15.41931721226289
140,11.552675970872397,19.08999652106142
141,8.22553950461654,10.266498842253808
142,10.028849257484165,16.09723711590285
143,8.279921620241812,11.540571949529756
144,9.791664173201564,14.27047857657273
145,13.784763993349184,19.938647156435977
146,8.345846076458809,13.35368346368317
147,7.547965881483547,9.694170609815705
148,7.9251820164076605,9.484112532530693
149,12.75835605853269,19.422463315197533
150,13.617710651375177,21.1783704680323
151,8.184433510246256,13.56158439944394
152,8.156952561055872,8.180658865140934
153,8.875555120778348,11.998885929206882
154,6.914785887054528,7.572071845897923
155,8.828339628858988,15.009092898378725
156,9.027523118131164,12.964468355356887
157,8.746238849071245,12.271037440895467
158,12.143919662095385,22.304999117960353
159,11.058469460680111,15.756415609880639
160,6.165123682911282,7.944654087922582
161,7.695978163547581,9.086270092011828
162,6.751924070132979,8.509916934577486
163,7.123430323668513,9.37093542956395
164,6.407758801279502,9.557830349831889
165,5.199718448981625,7.002327154311083
166,15.311844017337574,28.465925797667385
167,8.501561455845854,9.644773198793937
168,9.23236370438391,11.261912219769162
169,9.317804984135542,10.73704363027686
170,9.012400742430614,12.883915952165482
171,8.068896019411302,8.051835470454906
172,7.043585443503119,9.199332739952824
173,7.027019186839809,7.708004391245485
174,8.550239880241419,15.855294463313564
175,7.821281940319556,9.425301899145518
176,6.198597209953668,7.51499853782996
177,6.156239545433394,7.193948818253335
178,4.952290088871713,3.9534211116195768
179,5.864317670582928,7.794104135137819
180,5.864537366243968,5.4633674277083
181,6.31402270054016,9.22806884297324
182,6.359160337628981,6.945823439671232
183,6.5757808884294136,8.201905401578731
184,4.6772346661500235,4.263464872452075
185,5.129317105365492,4.160351778275722
186,5.850429021356399,5.667579987547098
187,5.989491338334443,6.366595189523833
188,5.479618869674015,4.5507487899034125
189,13.401502423573229,38.70335070360453
190,5.4668917323541875,4.987233431365236
191,5.466364456730858,4.2685351174856
192,4.476069101049276,4.50012409523563
193,11.28355400654279,23.752586423519812
194,6.042147996764692,6.580867885711889
195,6.647668831080212,6.537745480708668
196,9.215993891789921,11.947143169438757
197,9.284331845918423,16.902209300281257
198,5.490921737034668,5.169563007381814
199,5.624718802547285,5.173472642475857
200,5.234073058983914,4.088524060764076
201,9.118042777741636,21.096968351197727
202,5.232243997041869,4.613894080766327
203,5.066648199183915,5.375898350522596
204,5.303421398733221,4.6309835894022
205,6.490919107726457,6.539010357296723
206,5.151575733262071,3.7608206660463996
207,8.433205297141548,14.853925015604158
208,6.285432011744665,9.00874434465498
209,8.686593228519314,16.02257142913026
210,11.553522274623512,19.087896588771212
211,10.134082768779248,18.115038360767155
212,7.002903051744551,10.232271242183026
213,7.224836578318895,8.083535497911173
214,4.09295831052467,3.760868048989717
215,5.691423043265549,4.298155313028783
216,7.133175847539883,5.821178332217722
217,9.530216893373616,11.37277412071037
218,6.1738423993457605,7.493714451588975
219,7.476807062118191,11.024612662898745
220,7.3392440873772244,8.642212291417032
221,5.076736588329668,6.322793759885835
222,12.740407310967408,22.28193344205337
223,8.847094547893198,13.515015060186894
224,7.300912030804666,12.378100118027898
225,7.028037307683164,6.608420095083172
226,6.58313154512047,7.295621661298234
227,6.380340123261638,8.67740139822998
228,7.324102425641466,6.04640291949348
229,8.1015150947488,12.135567110559753
230,5.806073162707075,5.333101565865379
231,12.727401757369154,21.518189799969374
232,11.145680900716899,28.084966682739868
233,4.564386923268512,3.5386595867509696
234,7.527671241777216,7.68976625826832
235,5.473832249878389,6.907360090713223
236,5.883572552870964,5.541982881593841
237,7.836199638123217,9.48842711696321
238,7.3442369386721165,8.613592243811679
239,10.77609468735659,14.492806742357995
240,7.375422993346582,10.134597441203352
241,8.574528256100564,9.07232120023345
242,5.997869162251439,7.528696018613425
243,7.407929450218182,12.35646663039631
244,6.189619194831932,7.509584391373187
245,6.113563069081636,5.797442659664057
246,9.15355866051475,11.87188333956923
247,7.544587784579747,12.123147418552657
248,7.361187633762984,6.934954584460091
249,7.344644570110091,5.709957306601305
250,7.9316670503501445,13.868960633756926
251,7.139125581020951,5.666708049125492
252,6.470340563177851,9.401204967257131
253,9.526413926749601,14.27661718086052
254,6.863503510315878,9.001385324871055
255,9.1757306360225,12.161414613292672
256,9.126010240189435,10.297562256707298
257,5.967768349932415,5.91100332611574
258,5.785412012912051,5.770679785527063
259,6.63770306012232,8.447173471464597
260,6.1042636388888685,5.9290746685002285
261,4.201874393945536,2.776294854408129
262,6.768169466038302,7.328478425911571
263,5.828773950763844,5.928094185763061
264,5.949589628527201,5.875678757860995
265,8.27682890070717,11.582879502001486
266,4.52173434335262,2.793734709935095
267,6.869459423998224,7.028702527720428
268,5.426950177348812,5.670387720697456
269,6.177270961463856,5.042719950321852
270,5.382348597332156,6.299181249227945
271,8.826730492630663,9.04127351440854
272,4.878286939411611,3.9581991753508174
273,5.945727537647395,4.331871852431539
274,5.441784637642708,10.950550372480144
275,5.842508802992609,5.447944253097414
276,6.3803137357733295,6.741283198104291
277,5.8332299864171135,6.275857956902838
278,7.294655488884244,9.768980479771468
279,5.0784253011132225,5.28019483224238
280,6.022885040324807,5.421885331662756
281,15.418798334409573,37.550921576675506
282,5.922799207385228,4.873878227668311
283,4.758563906602939,4.417839256008906
284,6.4014125335216905,7.628235783148275
285,6.076572719408323,5.462270875595661
286,4.7634857340670465,3.1191117439438245
287,5.5718775049857445,6.422443395008215
288,5.864906010025697,4.085754031971519
289,5.282779685830613,3.9884760653151217
290,7.58109223638783,6.286073022101823
291,7.543631573311056,8.804285266514071
292,6.168979565659736,6.0089724696294615
293,5.257954768020598,2.529945682439511
294,5.451311616013053,4.3147570945140625
295,7.614945729425628,7.30305977399764
296,5.54002757649219,3.6953836150650616
297,6.147677599757085,6.290873103772498
298,5.261996683189507,4.708935055019579
299,7.319793884749139,10.699162774109785
300,7.4542835117670325,12.760849342371598
301,5.169789630314152,3.997838475044335
302,5.321600310096886,3.417695917896347
303,7.442863332674504,12.739436390614065
304,4.813842752521067,5.748184056003191
305,9.509384401326178,14.55666850575813
306,6.432833465056449,6.436700816780307
307,5.1813404635460545,5.491608126383279
308,4.8878670846730605,4.276770627405748
309,4.579724987867634,3.356291527097777
310,4.578959209929776,4.055190800999436
311,4.978267512618454,3.7121725243306467
312,4.331709842084213,4.869213006625031
313,5.3324296595609555,5.67657122886459
314,6.5281198660839355,7.267506562338458
315,4.978187075826055,3.234571228208672
316,5.612200331131762,5.7036374827729714
317,6.029625781617216,5.046904114630234
318,4.949483971980025,4.2192103625052
319,4.2425137149651535,3.695955485956887
320,4.702413694355578,4.169479898732016
321,5.254314196744724,5.2007568225537
322,6.411008399005112,8.116563050975222
323,5.22912195013464,7.14426182280086
324,5.762499545553434,3.7617914314032244
325,3.804036102491962,3.0552766317634528
326,6.040988959715096,5.313654276486722
327,5.178813563431743,5.473636917504538
328,9.011818454242029,17.639742967887845
329,4.626120440460284,3.025305042520952
330,4.976278311965356,4.699754982169924
331,6.815158604355719,6.5501085814813225
332,4.032892664524168,3.9593065494049866
333,2.966875906344777,2.359880387022275
334,4.740509477069857,3.574187859991597
335,4.871052402458856,3.275641320715721
336,5.295308790592488,3.789142041546487
337,4.133607732305519,3.413480093450415
338,7.937597915582475,11.421548096452897
339,5.17609026986752,5.518877696083781
340,5.598997022136314,5.537208970104772
341,10.526777849824533,10.47266292308173
342,7.072099944543664,7.102494313740502
343,8.07073097196351,9.862015023203163
344,6.102317129330801,4.105107619271781
345,7.542336621465071,14.53860211033703
346,7.3787453841257244,15.255711661745906
347,4.97209702291642,4.410547695566449
348,9.209347507349756,14.589164307772123
349,6.475459413226176,7.074897325592366
350,4.622159187919246,4.832289012228151
351,5.066528484700678,6.080215734702904
352,4.493203297273218,4.517887892796361
353,6.553602344875566,6.529050276050743
354,5.367233483514407,5.161751102695402
355,5.68346013690135,4.154672192021072
356,3.8886573152430643,2.1743656726843676
357,7.497435697938434,11.044190628541628
358,4.415489150517135,3.1240492580843906
359,5.482088633581557,6.258753896558987
360,4.1746360993397005,3.1942022051885677
361,4.51192869013064,4.6506007491169585
362,6.421678323284112,5.501975862932874
363,4.811811757042043,3.190929963741449
364,5.219110425768771,6.01410859114004
365,4.837863217308827,6.379387844958194
366,4.842850942215505,4.845402743647893
367,4.599020676984007,4.7731808661746795
368,4.46056151509193,4.07737061279776
369,4.860430092849006,4.000939459374333
370,5.975589090861304,6.289763544104523
371,4.84722772314092,4.804699915101325
372,5.734934050062709,6.714062476746737
373,4.092284638675433,3.026168985021777
374,10.968291567568524,30.925492343170877
375,4.0953703361482185,5.010496359851129
376,6.3592956130893885,6.484154584203169
377,7.769541724346118,9.356270405594882
378,5.368855536270063,5.320256015910128
379,5.221815659027769,3.8525738490963346
380,9.180210187119533,15.282204053457628
381,7.921782935079399,10.075041877885228
382,5.990840198168939,7.483583596625128
383,6.786163396135642,9.178763457726106
384,5.142249169262226,4.451459415146861
385,5.988778222664562,4.972408581299321
386,6.345384438732436,11.163039616817079
387,5.309148532370041,5.062964540568591
388,11.000931298116242,25.81414096102687
389,6.086353265709317,4.968588042435256
390,6.01075395492403,6.688946710029481
391,4.145770790505425,2.5542434320902836
392,5.906787845040514,5.763077792687942
393,6.181899354730411,6.1981634471410265
394,5.5609503660344775,7.434288634202263
395,7.427129125976592,6.46054376595448
396,4.666447042321839,4.1136579111158875
397,7.563075896699718,15.841494571019673
398,6.972251637818459,6.769317259846008
399,3.8764567649209303,2.8201302634229686
400,5.599726857321658,4.746988000492953
401,4.416366308611323,4.515953439002568
402,4.291918498064787,3.218313881285413
403,4.561149848632872,3.636570178036747
404,4.813558679117523,5.885269064564259
405,3.729112748794153,2.4580407669647015
406,7.71327485816781,16.637337917578243
407,3.7305177162439165,2.952997829302134
408,5.679270131021793,5.349084507060673
409,6.65957596857975,8.954118272079501
410,4.414232615463192,5.8128002140953665
411,4.904384469834008,5.24422939884615
412,6.859929122859571,10.331201307035133
413,5.4968421710651425,3.4135654929651276
414,7.817340419997346,8.284292641910834
415,7.070437199497336,8.550521935745445
416,6.286587097075293,9.854496728024763
417,6.7869595450702835,8.932925773879237
418,5.655579233934773,6.353367080466088
419,3.7167877253372468,2.8940841481977775
420,3.0369275725671474,2.4236655598887307
421,4.690755614566901,4.235245127508607
422,3.7963370265591494,3.831967815017518
423,5.645114577953303,5.960872579920276
424,5.733370259230322,5.8178509256677895
425,3.815230761348147,2.3920700466943723
426,3.81058499665619,3.1150452957685757
427,4.56191320905455,3.9605462006281105
428,3.1299950479849548,2.1593462387106372
429,4.019661423973968,3.1956293192942486
430,3.8546386575992138,2.647196543725739
431,3.476306557680131,2.776775489214305
432,5.582209513323105,4.56917425599695
433,3.6969426492368966,5.359178452570889
434,5.008693811415641,5.533145370080722
435,5.319558351143503,5.416375660544489
436,4.690469458303672,3.597152701807799
437,7.430845311809826,9.220271870134399
438,4.782640042988318,4.732306898602536
439,5.287561723200876,4.750532957988541
440,5.490175849524616,6.404586324309881
441,5.883519785986367,5.314101973346036
442,6.770146334539911,10.30820195567028
443,3.602849232306563,2.629311210686965
444,4.313693569586159,3.6794694530799306
445,5.494986233776578,5.266199590237033
446,3.788447673950293,3.738513229657821
447,4.621150123309493,3.091140363605695
448,3.2273462365175503,2.2516825862912913
449,4.367616185830914,3.3507379555057057
450,5.037825785448923,4.8842081717130865
451,3.4537569506903596,2.5226120807729346
452,5.171396856791903,4.623343281348924
453,3.7594822918344533,2.687459026818298
454,3.308421775916546,2.391493869830998
455,3.3798159538800876,2.3275618045831146
456,4.016419073516794,2.992461089919452
457,4.080302243745673,5.547257817383969
458,3.511799205018737,3.786236787283644
459,3.397193991720934,5.550746587328062
460,3.2213555749694884,3.4339901434756546
461,4.7296866157003565,7.196778384507142
462,4.719207928987428,4.782515140376538
463,5.62550923743053,12.029401671383933
464,4.211702040891566,4.2660352832245705
465,4.525611483334762,3.3873518845614217
466,3.935293217888092,4.558044927929046
467,3.2747646288808028,3.025050512977213
468,4.6396411889968565,6.3068293057871
469,4.297056665092508,3.7045315054615306
470,3.3664983234998886,2.993295565909865
471,4.523130609085214,4.3884166568698015
472,3.8577542056606005,3.748125865417151
473,4.905454089952892,6.332436581525617
474,4.761798372210056,7.831810944290764
475,3.593878149675534,5.864344594135624
476,5.211906165152255,7.446092829660744
477,4.3383563746148965,5.819734723908677
478,4.5690920575493195,4.938878517558899
479,4.5216203127988095,6.159019324198215
480,4.674634636406217,4.486130850021816
481,3.978386177124798,4.039225006144269
482,5.046942269596468,4.999993924193628
483,3.594109831228811,2.4422738881544035
484,3.593056138485681,3.1167988325095046
485,5.33371468977202,5.955555853607211
486,3.138550905573938,2.6708156311783395
487,3.1708839530851596,2.7216899114908837
488,2.482265448513166,2.1053718658290723
489,4.198716745238002,5.328302428352681
490,2.9776092640618836,2.7149231122516455
491,4.195432160055773,3.247060190371203
492,3.014818944821436,2.594480652713116
493,2.7139440644804993,2.4901605091004773
494,3.895329680719091,3.341081326908094
495,3.0429526745357363,2.6723343483687274
496,3.0830183241460043,2.02298146777658
497,2.8319606494234995,2.1816680342790837
498,3.948550372074634,4.046232894234192
499,3.222773781129883,2.0417243828616543
500,4.680520175253581,5.275075179468084
501,2.9323933978477497,2.8235837877116072
502,4.490323874717457,5.5757682766507735
503,3.2630932598635374,2.3300002442448036
504,3.8046664886291124,1.8748357348360918
505,3.1732827282933074,1.6158320932239976
506,3.9439126075121207,3.1918519725847108
507,3.9673346495897848,2.952774505729908
508,4.11140649610448,4.866001587236402
509,4.785610132483334,8.389303597067945
510,3.3516948886564677,2.7797604649028593
511,4.084652236949934,5.06534410168488
512,3.0797335209562053,3.1203594084241724
513,3.716173822117986,2.606236918853341
514,3.0945899478559262,2.882578950221551
515,2.870124904303051,2.725125681264489
516,3.3018913840340907,5.176002316579312
517,3.500770962553491,5.62163133901073
518,2.4547951172850935,3.0257939977451107
519,2.595219766676916,2.2076039696810383
520,3.074528568215914,3.622372112677447
521,4.543803537688406,4.652837218965695
522,3.003238578379648,3.34280234397675
523,4.622283965818747,6.297020698075338
524,2.45679186050102,2.423286347012187
525,2.849169032817526,2.590517194833116
526,2.0426799758609286,1.6724904927829767
527,2.876171687742338,3.20276260670717
528,1.8919597165281226,1.4296067841020028
529,2.5661731762911186,2.613127136774209
530,2.3550052575261997,2.2703924711449694
531,2.8365315504154314,2.5732998871217823
532,2.0171058497016263,1.1586454581347108
533,1.6305270912289642,1.1042559482095051
534,2.09184994651418,1.6192675404364296
535,2.3227946917107625,2.598298970093332
536,2.7113070042919256,2.139795068440464
537,2.773008558757779,2.0243021322506274
538,2.0748117153247407,1.6415214029932599
539,2.9407813395700284,2.6248091734735763
540,2.245016485645661,1.622819967450746
541,1.977504799533969,1.2555540364892261
542,2.2403618692133813,1.386193411551613
543,2.609160469239203,1.882947846477599
544,2.90866198110387,1.6860616104980284
545,1.968669863303416,1.5428586317942212
546,2.7640707349338016,1.7624019237494255
547,2.6340335606595717,1.9134231317797463
548,2.1789880044967282,1.349247350946455
549,1.7437034362298864,1.0763588905301635
550,2.102076599234687,1.7768195373026734
551,2.2841016971019914,1.5119505874518178
552,2.5387781628511434,1.817327294828874
553,2.4917588589834745,1.5567890200805354
554,2.690713083046284,2.1849791239667695
555,2.27593130369485,1.5245642679360645
556,2.1082264644615676,1.2659605533609442
557,2.6113275394886353,2.17309120579416
558,2.252858653861796,1.2486087415471576
559,2.3554576941257652,1.8120439026328945
560,2.356919022865035,1.6912913630611812
561,3.4143585483902115,7.049314595685552
562,2.3004107232959456,1.946085760506112
563,2.644980493866434,2.765268600892809
564,2.469811188787297,2.0961649043120647
565,2.082306784885213,1.367719556879587
566,2.191745923754707,1.4802246216706492
567,2.8703132056167124,2.220759795622443
568,2.251614254395151,1.8435734784458198
569,2.127953600439351,1.6619951221927602
570,2.234277938547835,2.1973245659593714
571,3.9186048369020754,6.252108878765277
572,3.3076209839760224,4.905084125438614
573,2.9745396473264214,3.504765889914343
574,3.5743217024219773,3.1899228876271044
575,2.204128480170586,1.98842386674396
576,2.9299314841542436,3.104816915002854
577,2.9293128054915436,2.7448751718277427
578,2.2411703134304983,1.7437961664109811
579,3.15295778832299,3.8438807857895307
580,4.269280337708179,7.715204802329687
581,2.629357004381263,2.3850162370255585
582,2.506692204357484,2.623458656887607
583,2.3169263612163418,1.5360894667713312
584,1.8898041194016835,1.2628741699095007
585,3.388457147886591,2.753001500270201
586,2.2035307750508846,1.5295906757523146
587,2.296083230737988,1.8862622968168736
588,2.5750244681646484,2.5744011152685786
589,2.726236949409709,2.183257650223166
590,4.171125631676681,8.363433873348468
591,3.1516359893604156,2.6775996603760204
592,2.269289199436286,1.652043201570962
593,4.370970675481126,6.766913420974911
594,4.13595570151683,6.623677934609906
595,2.8577356115768198,2.858976903821348
596,3.051877257746272,2.9645110764304206
597,2.869613936559229,2.7641303351689297
598,2.6643849106761652,2.175773055183252
599,1.8348695259022805,1.0799290542069377
600,1.921066250323473,2.015174759308826
601,2.522851626386669,2.7032673494750856
602,2.726047877282641,2.7534371268815465
603,3.6491759773280803,4.619659975923596
604,2.166336194102375,3.0855607919490735
605,2.016234274368151,1.4389204758139904
606,3.253223702482304,3.1798115710109482
607,2.126859470746898,2.11388045408835
608,2.1259725430946332,2.104661978154798
609,2.208481625682936,1.8172514554262724
610,2.3340978207473624,3.7266998603913724
611,3.1101449251831212,2.4737315008168244
612,2.49026501711493,1.8779254001440975
613,2.7294377849069327,1.4936759040388907
614,2.467941267814357,1.360395711637046
615,3.0975543627763527,2.088424527784139
616,2.2046932941983903,1.4456780558655722
617,2.4279079283216065,1.6856649089565183
618,2.6783786784823054,3.0715902452533776
619,3.141144913519289,3.0797321677418434
620,2.018171160823223,1.5978589336505225
621,2.355291108474775,1.6454705171405675
622,1.6304607825781416,1.1840626830776477
623,3.010532448915453,2.194905699260277
624,2.0667881570200226,1.0914368525394589
625,2.211230850499656,1.3296609330504627
626,3.0825535092228438,2.205774910546855
627,1.9603368931318923,2.679062918713993
628,1.8679912429753915,1.5334847701185592
629,1.4930010785069787,0.8592541507903992
630,2.2773761214836155,1.628436995134172
631,2.0221651067420536,1.4919459751847017
632,1.5074166250216436,1.4705239106153158
633,2.077437361220759,1.5664821053546563
634,2.757415894111555,2.236895569936315
635,2.6686940595295505,3.915255615513017
636,2.3572181207817477,3.0883623725231626
637,1.868161217959053,1.2664317224131407
638,1.8622667701070732,1.483555925107232
639,1.677814006409679,1.5713034002601496
640,3.4927597633192944,7.331131965431796
641,2.2188882413023676,3.4834730397754705
642,1.6987149974382483,1.5073033815769863
643,1.6723097130854363,1.2228193209649059
644,2.046768210990212,1.5245511902459856
645,1.9487400823724275,2.2977302094954517
646,2.764349467546258,3.837077908214028
647,2.369122316404578,2.980409974766567
648,2.164879689833738,1.9966622740530673
649,1.8699403682082152,1.4858053049762125
650,2.172690780368818,2.060618468849009
651,2.2320537156324876,1.7502279043817754
652,3.9080166810625405,6.650823657863782
653,2.131079011816765,1.4773549808341757
654,2.275506085583925,1.9903083281540048
655,3.0965285664064988,3.29357742327762
656,2.1198390102415567,1.3716176157130076
657,1.5857911165863836,1.0225008723316553
658,1.6760072781990043,1.5835410284653488
659,2.4386824318886022,2.593564071631395
660,1.6820202638777073,1.6254148754388427
661,2.761746291951368,2.7285832664420573
662,2.581882671207133,2.85995318952929
663,2.1526433454402967,1.4160151906812273
664,3.11965697360422,3.3298387479715617
665,2.4936114684402697,3.099911995227156
666,2.819644090943253,3.4568433154229643
667,2.1555137067171453,3.0825897704568903
668,2.3102885398673942,1.625766539542232
669,2.661853476625189,2.5348775634357965
670,2.0798675722017377,1.3726297144833646
671,2.13253691279745,1.3993885702473785
672,2.6747831692902704,2.990300555857942
673,2.302945504579431,3.4840512231624157
674,2.2857328772257914,1.8684493283776455
675,2.4394199421682616,2.480371562294232
676,1.9624304961213799,2.123952912748835
677,1.5624793868339555,1.2629040612714828
678,2.354230260636908,1.8925282711801898
679,1.370619176341639,1.4147408880241676
680,1.4998710624957052,1.3468544432888865
681,1.8178820640033777,1.156043383357282
682,1.8159688784086043,1.2355787252615966
683,2.2397490820399195,2.4939665135515443
684,1.81966555974753,1.5070951483266044
685,2.6798492521751984,4.090935960368705
686,2.15170202489094,1.7196740722197976
687,2.270731683895302,1.7683219652109436
688,1.9492851621998035,1.8765165657544693
689,1.9073896330733138,1.6376213497296728
690,1.4936661700621332,1.2343951435182252
691,1.4983507162640088,1.577534065958912
692,1.9215034681488372,1.6725369544584971
693,1.4711199244472273,1.1596279733613728
694,1.9817869712110698,1.5801732873195533
695,1.881570012888215,1.3075341580286297
696,1.505711068412094,1.3320564577591318
697,1.6461079422238272,1.0740715207569935
698,1.5922309859772437,0.9234418277024793
699,1.4811069925280946,0.9159324871538631
700,1.7912361714340403,1.7614050326884285
701,2.1727828219404546,2.946033629897206
702,1.8018753367725637,1.2403265497838776
703,2.9415835593815443,6.732715232476243
704,1.85381035646801,1.2028869927237842
705,1.6560865429773037,1.610051135122864
706,1.4000548023007053,1.0612113495061084
707,1.6272073475804318,0.9838059638807898
708,1.7195911425121122,1.6113089763966153
709,1.3533935128992471,0.9758182342677914
710,1.9706301753420044,3.01403972540899
711,1.7613365243081744,1.458977668083901
712,1.8529854886657613,1.3100613384476574
713,1.5496407231681844,1.4601349597392925
714,1.6279454662989146,1.2274231904193225
715,1.98431995131835,1.5111424420902992
716,1.9796110658077286,2.1869966224617756
717,2.0662456847540036,1.7797672199581553
718,1.5065376083503792,1.1093984318591184
719,2.944658668416743,4.3794616013345165
720,2.0397870775413223,1.9970556142200908
721,1.907838763136806,1.5655187041146579
722,2.241628889809661,2.4797859893295837
723,1.9118746630089816,1.4251672806525024
724,2.2466480854795727,1.5613433808390913
725,2.6985838480513156,3.0805165768571987
726,2.0824334083340714,1.745193759723507
727,1.4191959774450464,1.5081928314809514
728,1.9544651092716037,2.16959395577882
729,1.7530615091026267,1.4368754692878132
730,1.7576195219220796,1.2173865456642672
731,1.7646905902013639,1.3792534750211014
732,1.3711469351685204,0.9559623704366184
733,1.6674903777299837,1.331346047991244
734,2.187654588520199,2.3774992112282387
735,1.5308216623994297,1.3447488065626918
736,1.649209465797148,1.1052704381607967
737,1.1001632902523863,0.7447474539856325
738,1.4772011717205935,1.1878224904685513
739,1.5129166694714182,1.815280938387104
740,1.7869850744056959,1.946922713115342
741,1.1589897484174172,0.930874165886041
742,1.3783044198774834,0.8377875854300592
743,1.7156513363876573,2.0179738070894833
744,1.5399700071219626,1.28152435449894
745,1.4694274344693028,0.8034297331959606
746,2.677362940501727,5.9345470687474835
747,2.0184145940167837,1.5345184121299151
748,2.0330730863502504,1.7729799473670824
749,2.1631901353632315,1.387131625751839
750,1.6966556699923707,1.1991135398404975
751,2.0531940853070965,1.6827771215515996
752,2.0143480919465864,2.5445345715228203
753,1.6068693740872821,1.5314418309893894
754,1.6681869539083916,1.2070579309904907
755,1.592556964747071,1.0669138938268377
756,1.6252580264808842,1.451897161891181
757,1.9411495887018149,3.298079370139494
758,1.9414710609350478,1.4504668660589473
759,1.7929634041011617,1.5039119709684738
760,1.272469088616782,0.9996878402554443
761,1.550861978567384,1.0747756300217457
762,1.3907730002280108,1.0322541837968484
763,2.0604941623680912,2.773853489297353
764,1.9572707844932793,2.0531670167774028
765,1.810567887329856,1.2689095334165588
766,1.7740601302348167,2.0228453911116975
767,1.6118149802001205,2.2902258583781885
768,1.9237522026165195,2.66026425814764
769,1.639008985954792,1.5189613555645718
770,2.769614812130665,3.798557490494793
771,1.4199640773207993,1.2060633893880104
772,1.8921538285439574,2.124025480895993
773,2.738353849900096,4.571418738496398
774,1.36921545151945,0.9694617729299085
775,1.570641568858592,1.206399212470261
776,1.8708057170205887,2.084642717590556
777,2.1125669853957403,1.796850473772691
778,1.7127201155388097,1.0922324354842465
779,1.3036057156531597,1.005382326176261
780,1.520231141989902,1.112384333774297
781,2.027491652102421,1.8734625447644793
782,2.3789599587680454,3.099002482190375
783,1.5799612211415153,1.0205490490087434
784,1.5103782233833247,1.6929638790271981
785,1.5041560866719617,1.165420473509383
786,1.822653817709958,1.7625609598945218
787,1.973038626783803,1.4948170408903225
788,1.207284229787266,0.6075632681964829
789,1.6697668996895263,1.7083519083184715
790,1.8718741716613934,2.535628717861934
791,1.3820791373336732,1.3774896459165251
792,2.0386893411699245,1.9264968910018174
793,1.3409888960475342,1.0931657454195058
794,1.936722771645195,3.230752105215614
795,1.507211897182435,1.2890957421464397
796,1.7588987383547952,1.5051054863869062
797,2.3180642974919268,3.540224785331508
798,1.9482853418825574,1.3610135601011062
799,2.027526283685373,1.5134259931687635
800,2.1317622571202293,1.4575168232997853
801,1.824657161338735,1.438574300841001
802,1.7805046425920188,1.29233893029745
803,1.7296879214232082,2.316389553763984
804,2.1139701288229147,2.2334239724448293
805,1.779053157745651,0.8010780069935358
806,1.5166467748739898,1.3143889130091218
807,1.0818956426478141,0.6976274019188676
808,1.4623317301394152,0.9090575649725536
809,1.812749470966482,1.4251836081034315
810,1.8421553157746673,1.694943072779926
811,1.787229553904283,1.4953957530756559
812,1.4809997074593984,1.7358397151098144
813,2.032528885321108,2.1305393295454507
814,1.855789012830916,1.87224824956973
815,1.3477170879487548,0.8505183049155169
816,1.9194862457116943,1.1647670283297638
817,1.2014576005698536,0.6741693623791543
818,2.2279641358587403,2.42203747848941
819,1.7614003325456609,1.3390799162768803
820,2.110984571744184,3.2102057641415676
821,1.0620454843279643,0.8407656646670546
822,1.3926901239461866,1.3067422038085867
823,1.9662305492744359,1.8997943981715746
824,1.85965663806151,1.724596677683423
825,1.6456770750208887,1.1134339448881785
826,1.2225399328650608,1.0199335207273252
827,1.5070460137331554,1.8682570630278494
828,1.404191664102925,1.0654742448917454
829,1.3697727845600924,1.159072643687039
830,1.3613913868857055,1.1126154660093366
831,1.7779024767072826,1.7758077128129717
832,1.494349952256234,1.050018922029399
833,2.053447570251752,2.422768934434519
834,1.770953647235904,1.737046993189231
835,1.8934015975527305,1.6163858908065334
836,1.9320318297312291,1.7469109085197148
837,1.17313400596927,0.7284429847291769
838,1.5419532456134166,1.1130935391258259
839,1.697637070802807,2.0543859281241015
840,1.8372448425357626,2.499109271935042
841,1.6640868677737852,1.2341433784775178
842,1.621157339059819,1.0399204662274302
843,1.4678838417887397,1.1107162477353112
844,1.7821343535251575,1.2881876683481288
845,1.6741092529292143,1.1236692056217392
846,1.8751384648245377,2.0936051748038103
847,2.045110614338238,2.4392628970063597
848,1.8563852187675831,1.747170652504463
849,1.5075299274094995,1.7959504437661413
850,1.3563310618239097,1.0710027037018393
851,1.9229076064564026,3.1029609033008296
852,1.267037510077319,0.8105448639346937
853,1.7581320645054923,1.3263755760705511
854,1.7426353740499265,2.02469707556672
855,1.8340038360534165,2.3331025096348634
856,1.7986704430793083,1.5181125356197915
857,2.2087010305607664,1.9528453851079017
858,1.6312876935903744,1.9079108703808125
859,1.8345345163809395,1.7232433157682037
860,1.257764361760321,0.8665278826490143
861,1.0706459346255204,0.7154251575864456
862,1.3737075588704726,1.0448573440907283
863,1.8757802760120668,2.3670933287568614
864,1.359948062683354,0.8819437507626368
865,1.3569825790471348,0.7348339109280896
866,1.3325727975701027,0.652314730194611
867,1.0784335156481766,0.546176137541799
868,1.1890843148852415,0.701582559715272
869,1.222333722152799,0.6805274837382757
870,1.5573965395962006,1.2663343631946624
871,1.742221418201347,1.2146745414970315
872,1.3029210650589316,0.9798167912036624
873,1.6309301927606945,1.3341831492421512
874,1.2862790739843297,0.6421875095810399
875,1.153187396079207,0.9721421280379554
876,1.3270229341389397,0.8790990459023351
877,1.149586848046558,0.9062502570872775
878,1.1535943298379163,0.6851343420544496
879,1.2411716617892208,1.1844122492977909
880,1.3192034034506286,0.8499245743355721
881,1.0101022550742749,0.6280779431189003
882,1.1004129553143045,0.6088460480903748
883,1.2604121326409234,0.7647752531944072
884,1.418453820467379,0.690235248337106
885,2.0861305895457827,1.6136166347898437
886,1.4774994884234978,1.1331733957241883
887,1.429643456855266,0.946801152677306
888,1.4833244446771499,0.821076919206104
889,1.4741199268279428,0.9692689444120985
890,1.637293012833102,1.3704230150401657
891,1.1102075101489286,1.176726318920681
892,1.2113582482408245,0.9192852940921505
893,1.6280663795686483,1.3927773350991073
894,1.2257417308919787,0.8564413844484982
895,1.2154658048562195,0.8883705820853873
896,1.4882100097101254,1.486796732454983
897,1.4267125228195952,1.474120686616491
898,1.2017674741796749,0.7814057093607792
899,1.023426411086495,0.614962357391878
900,1.0695664521222188,0.752471484913167
901,0.9532138146891151,0.7534375064308103
902,1.1982463587311807,0.7827626241622931
903,1.1542665697936694,0.7491799107247213
904,1.1649602409323858,0.7853474704282177
905,1.0480051956528846,0.9623629843371272
906,0.9602314233706197,0.8213824942213985
907,1.2280116748304,0.9250186862362023
908,0.9938283758428483,0.6412602395159714
909,1.29026854141039,1.2692983281630956
910,1.1070652098971772,1.0949460366137023
911,0.946191602810396,0.5457306194248096
912,1.1997019222633665,1.0796248160692727
913,1.146108893262338,0.9377703085684577
914,1.1934229027381265,0.8877806233534288
915,1.2865465976154629,1.9512082320184765
916,1.1619887556695838,0.9550599109209683
917,1.2747159049408499,1.0247841140127496
918,1.303524976905224,1.108859117980701
919,0.9089066345793485,0.6321458503776218
920,1.059932914093341,0.8236975996143683
921,1.0404829026768065,0.7396819598505288
922,1.5814839743029538,2.4922310183291296
923,1.2351938188446014,1.1665867102291236
924,1.0943950185147255,0.7391426613311564
925,1.2812425401381062,1.1770797571579041
926,1.3223052345375474,1.0528882813896048
927,1.2161084393415904,1.163838504405033
928,1.6467426652360007,1.620709527132609
929,1.295927215057192,1.2508833808243849
930,1.1926967689641803,1.1966180272721318
931,1.3650941664056593,0.9822649616071749
932,1.3216357927922133,1.166510143308478
933,1.2056197380071487,0.8988225482793771
934,1.2714516043970228,1.1334769129476563
935,1.3512144731225522,0.9379196311846114
936,0.8738664707569509,0.49963175170666463
937,1.0317353349654383,0.7534762912670113
938,1.1199840862639703,0.8335724633513366
939,1.3412679508389367,1.0354350773964345
940,1.4615044235205825,1.2736551475421178
941,1.3673513773992974,0.9784870293787088
942,1.222089938456404,0.9713646761747199
943,1.2251703981004751,0.950361730378284
944,1.3164718543013805,1.1621550062586048
945,1.2931590508189152,0.9555666679944992
946,1.278455244179917,0.7436828591552631
947,1.7852521508944688,2.7106152037541467
948,1.331658934926312,1.1522180247622489
949,1.6173671169997514,1.1617284013033362
950,1.1253690859891816,0.8622287668058803
951,1.4004633904596129,1.01226751709524
952,0.9624869745374387,0.541362468718372
953,1.0597185692312245,0.5670530616148219
954,1.0295180984739818,0.6804388591921633
955,1.0296503152694179,0.651086591432813
956,1.221641724652058,0.8219662769303168
957,1.227548177486974,0.8162874243859974
958,1.0001349900885241,0.6131676996033136
959,1.2627610259286421,1.0200520384135963
960,1.038491156577773,0.9182138437671091
961,1.0270429260987917,0.6983359284582487
962,1.2401271414048778,0.8258429064632846
963,1.0106327770756478,0.5237722095485171
964,0.9422598980221564,0.47132079037569685
965,1.062986795187435,0.8338302411118759
966,1.2048432502058097,0.9885573585653752
967,1.1270604697611968,0.6468152648819292
968,1.327374220250866,1.5695724487471012
969,0.979987251191725,0.819241064852258
970,1.829271436828487,3.247457940897149
971,1.0686585873856829,0.6907427756088463
972,1.1522844779605217,0.9478621224316055
973,0.9494025578112801,0.39736377058729255
974,1.1017474015258337,0.7445004255959948
975,1.1840504901638131,0.6997877862841911
976,1.1935923561518618,0.8507208162078957
977,1.11175984151817,0.7819160891557209
978,1.1247151296877014,0.6795198614347677
979,1.0814478339325524,0.6487334616435201
980,1.2116059022406815,0.7147180145924541
981,1.0223183095033177,0.8084138219582387
982,0.9734090623443775,0.7378685719870439
983,0.9151099738048135,0.6548734805856765
984,0.8816976299891618,0.5301653225996917
985,1.227529022297291,1.3294945267187235
986,1.388389019585878,1.313601790142171
987,1.024473168885595,0.7908009718631891
988,0.9627874307280173,0.7065934371225906
989,0.9099952224929769,0.6516875085083168
990,0.8502350125355786,0.6286403460541404
991,1.1979142149673696,1.0825001452360514
992,0.9614656401637326,0.5958338875386096
993,1.0661679850938512,0.8665052919655185
994,1.2419185988335861,1.565497521870409
995,1.0104408694979974,0.6823721442622956
996,1.0709156044513999,0.6433925842642577
997,0.900523838471701,0.5455096113561198
998,0.7966962405904774,0.6480800687212207
999,1.0792885405775166,0.865469790076787
1000,0.9789671996580516,0.8434014240662718
1001,1.0637541003415347,0.863423045809171
1002,1.1140143897251165,1.0780836165134176
1003,0.9785887841656798,0.8118159379031737
1004,1.5031063754081984,2.465401870789173
1005,1.172080216009963,0.5446979156881544
1006,1.1010349600214915,0.8049457631989885
1007,1.114480219349011,0.8199906306950225
1008,0.8338463403900669,0.437057998362042
1009,1.0853859098144345,0.6874477542859269
1010,0.9554983410824907,0.5993818209390744
1011,0.954798754259776,0.624393051719688
1012,1.3005244201052277,1.3262841329364505
1013,1.1552739749587242,0.7864048316955504
1014,0.9627116850322575,0.6711691220257188
1015,1.4691539935816273,1.7290894501832688
1016,1.1672992045210902,0.7857647170990111
1017,0.9972938955226649,0.5892648664717014
1018,1.0708553216512395,0.6586845759243697
1019,0.9562226354275131,0.6920689229947743
1020,1.22209536620996,1.1756307075666412
1021,1.1113889051905008,0.8545303794598891
1022,0.8972335804481585,0.6202974745670572
1023,0.9429462277751668,0.6017293852763221
1024,1.0465117352160211,0.6720895442193021
1025,1.233709159678326,1.1299154555720154
1026,1.1701462992675822,0.7529122565061646
1027,0.9141155650593419,0.5887762380652326
1028,0.9754316258121818,0.6763179616579209
1029,0.9175306637470104,0.6292473032232409
1030,0.8540299461378617,0.5517461529016179
1031,1.3600111302162161,2.0324464266267763
1032,0.8649492065392155,0.7251970792824537
1033,0.9293153969850516,0.7587664922939489
1034,1.014537958621961,0.6793278526252774
1035,0.94977481441692,0.6394106497778966
1036,1.3040781100047245,0.8155745175237323
1037,0.9042678482076173,0.811436247627938
1038,0.8056897028277504,0.7555996858899328
1039,0.7183693994528717,0.4068567914879317
1040,0.6479237010777509,0.43155347127841465
1041,0.7614739438018077,0.5183553164739654
1042,1.3367219594983442,2.2307095209564345
1043,1.2295659044425533,0.8894811602091036
1044,1.115635841264862,0.8780815021480598
1045,0.9965162242416274,0.7320768276221128
1046,1.0022670514225707,0.7386503647065726
1047,1.0654111617019002,1.1543595222800571
1048,0.7505363097659098,0.46760467517454674
1049,1.1360910614980704,0.6381081338869815
1050,1.2357371289593444,0.9122227382111178
1051,0.9488596260052231,0.6572100856471058
1052,0.9897588706030023,0.7698727983135647
1053,1.1308932977968396,0.814247942899962
1054,0.996710985503843,0.5884021962249538
1055,0.8628857997665103,0.5406546988919015
1056,0.7651833223025858,0.4811641580147425
1057,1.0274581722954468,0.7516964684093865
1058,1.005338287633998,0.6780753537695909
1059,0.6719161197862934,0.5497444850234204
1060,0.8231459643256424,0.656996761190692
1061,0.67384115354093,0.5295033765600896
1062,1.1843170255430635,0.9511199830228181
1063,1.083955590786926,0.7212695670149585
1064,0.79085372577792,0.47489636730358026
1065,1.009861988321998,0.5945203136809222
1066,1.2532969901490385,0.9174155084928625
1067,1.444730192282357,2.000808993018944
1068,1.0687538612004204,0.9070458010051486
1069,1.0350743221947387,0.7907116655674138
1070,1.2692873471666783,1.248518773025296
1071,1.328852135478801,1.3591479432872016
1072,1.2444239345361043,1.3033952050857296
1073,1.1103692051646101,0.738746145835558
1074,1.6360678248371634,2.7490516649119976
1075,2.8461328404811708,8.343537334567008
1076,0.8774575090863745,0.8163980932740434
1077,1.1230693584952587,0.7905117800258497
1078,0.9390452199685966,0.87758896770676
1079,1.0014087664873497,0.6593031481721153
1080,0.9990737884883781,0.6768081411728396
1081,0.9804219528233121,1.10820021442439
1082,0.953859116754953,0.6345489779530175
1083,0.8643914906726053,0.6248356307286612
1084,0.8522775826968584,0.7318999731167535
1085,1.0071002831219944,0.7869679802266887
1086,1.1479761395743182,0.8846889151946382
1087,0.5318226213157078,0.3957061068124004
1088,0.7237723992606038,0.7345138963258313
1089,0.8256795919534937,0.6436825099018545
1090,0.7920339576584222,0.7173260662493519
1091,0.9485161295230359,0.7799484647281534
1092,0.767603905630076,0.8468206338214447
1093,0.8276431337457109,0.7491053142752823
1094,0.6864415748133879,0.5046049073060044
1095,0.7751490573252903,0.5808067464866259
1096,1.030243013851051,0.9796072752351327
1097,0.7089939660796408,0.4827774109852542
1098,0.7312316005110391,0.5332262588793616
1099,0.5840120152373732,0.4003398346842566
1100,0.7533860492191762,0.49248741372391003
1101,1.6486320372606187,3.4328747967640134
1102,0.8052591690648565,0.9263222322125119
1103,0.67630719862298,0.5666961780272735
1104,0.6040712333752553,0.5062087573314787
1105,0.6975594745147621,0.6441511519076866
1106,0.7313512869421815,0.8165007000382941
1107,0.5634628053653039,0.44805643447476956
1108,0.6113633045397315,0.4808409145629282
1109,0.7040125913810477,0.6018732236114216
1110,0.8880934778871227,0.8491046818205457
1111,0.7362298947659444,0.6205589478282435
1112,1.6242605174410358,4.438550811018272
1113,0.8544639706798088,0.67645841129746
1114,0.7448439563862221,0.7259632853443718
1115,1.2854189530355948,2.077942198369059
1116,0.8358279038288389,0.6663931099776764
1117,1.8252166599413868,4.545846881978507
1118,0.8533505518553094,0.5125729003574768
1119,0.7721796478897984,0.44268671908793805
1120,0.9677928097815087,0.7607233886139061
1121,0.9744828337604432,0.7491243451074912
1122,1.2750534865844974,1.491118792031961
1123,0.8423308137030663,0.6456225885951022
1124,0.807949468332588,0.585434770530102
1125,0.7678138331337515,0.6365866854631741
1126,0.9516071741904991,0.5531440062311426
1127,0.90038549884075,0.7135713917480433
1128,1.16772199168726,0.9591129059235326
1129,1.316877638779406,2.238911601776111
1130,2.0225617161198537,4.266171617099826
1131,1.2909275753967198,2.490265975039084
1132,1.157382800004249,0.9598187853448409
1133,0.9061840785853562,0.5015676173582136
1134,0.9061171385377407,0.8374981571283944
1135,0.9227527445414474,0.6285660443783115
1136,1.0117615042525754,1.0597368016980866
1137,0.7367840254696177,0.6868633549414869
1138,0.93361978606248,1.0365741725865676
1139,0.6396151272450232,0.5174017877614827
1140,0.8121355566068796,0.5045111174545878
1141,0.680171345343536,0.6255259351247078
1142,0.771800779198655,0.6539647513172473
1143,0.787571805711538,0.6031770841980983
1144,0.7746316851755035,0.6658001108205484
1145,0.6325614401744002,0.42848125063346215
1146,0.5337776783804835,0.4117669901927461
1147,0.6409751285195411,0.5446317945150904
1148,0.783469773114671,0.6760318177268869
1149,0.7793843158903438,0.5224421908521683
1150,0.7805966442035498,0.6523729706904642
1151,0.8505190930221236,0.6110296652130154
1152,0.6939628756011261,0.440777461993289
1153,0.6821747294824094,0.5371918921537292
1154,0.9221134980337929,0.8115158620990864
1155,1.2172881044440715,2.3274678263666413
1156,0.7997740602531203,0.8049980223409615
1157,1.0966329697175623,2.456759818436278
1158,0.6421812669793827,0.3857510658806533
1159,0.9239712435660739,1.0550540635861692
1160,0.6018061538649638,0.37327935687028174
1161,0.7504053693801443,0.5043157395534127
1162,0.8866037888456801,0.6337387355970616
1163,0.845410326160918,0.795043716017088
1164,0.913267148333669,0.8140017916408576
1165,0.8660461572192949,0.7149402534485337
1166,0.7111887572466671,0.47586890176225694
1167,0.800488576117402,0.6004695855038783
1168,0.712209175770251,0.44129988299523193
1169,1.1312352768146117,1.0458641376083693
1170,0.8864447752078309,0.8467039576500934
1171,1.218812135964686,2.0121052339944847
1172,1.0111509564468661,0.6917189678942205
1173,0.748021726779913,0.519399897314142
1174,0.8239317114762482,0.859980097926485
1175,0.5187156363817635,0.37289524289358694
1176,0.662235212509658,0.4525964579828911
1177,0.8705336386964806,0.5982898485816849
1178,1.1577944684519297,0.8494319503651618
1179,1.1617306677750676,0.8940680683413615
1180,0.8863287428115985,1.0822419339343108
1181,0.8446565913414001,0.5340627165855201
1182,0.7501059397817917,0.7420360273759756
1183,0.8454659541898153,0.6224347041573732
1184,0.9042135607548494,0.501618229410898
1185,0.6120712074389327,0.3277672140432218
1186,0.6932010995695269,0.3569041673649703
1187,2.371636956539477,6.782972439011387
1188,0.8162607773637017,0.5379406637888258
1189,1.0956959458261069,1.4147492299684057
1190,0.9947607463630203,0.8263153130135924
1191,1.0759871658151776,0.8322176544986833
1192,0.735836017125802,0.42693672539296595
1193,0.8816365334638103,0.569848503736872
1194,1.380707479463312,2.132260695258785
1195,0.8264295117679851,0.8534912840774659
1196,1.0971957761386535,1.195064008556911
1197,1.021881873463362,1.4247231777860687
1198,0.7339496388794368,0.5681075305690095
1199,0.599660507898187,0.4089988018185306
1200,0.6410776988239136,0.4561310908080638
1201,0.7049894119281113,0.4804366072678507
1202,0.9282124607654823,1.2532739541788926
1203,0.6958426483334991,0.5540457115173687
1204,0.7094588454834594,0.5903515017788425
1205,0.4731112827049272,0.5105585201772737
1206,0.6601878007940195,0.5145880637725737
1207,0.8710400328783272,0.5886575606611814
1208,0.6945303624367088,0.6104321283052043
1209,0.616904727158283,0.6146906916297818
1210,0.7098921424501934,0.5999953523376851
1211,0.7414962646772223,0.5471686453499207
1212,0.6331581677476983,0.5143974503262536
1213,1.3308918087188435,2.6919844282975123
1214,0.7384703492676572,0.48287951740117663
1215,0.8955129305534175,0.8332729202865656
1216,0.6732155449609247,0.3980199812902249
1217,0.5730665926251625,0.35703050178608986
1218,0.5949550253570283,0.3856150481333948
1219,1.036671453625398,1.821385423566908
1220,0.5593837548918369,0.5049209464422041
1221,0.5671782346355381,0.3672593212816456
1222,0.6643799997371523,0.6866828803274508
1223,0.826527516745257,0.7784616613295234
1224,0.6534782401287457,0.4986234377876042
1225,0.6897406064238273,0.5221697396102309
1226,0.8705531623602953,0.6757088289256131
1227,0.835738311369661,0.9813714726034406
1228,0.7568378172652621,0.6670625281193786
1229,0.53125064272659,0.33126501694824817
1230,0.6976960941332326,0.7090302861156983
1231,0.63738356551584,0.7210739275276307
1232,0.5755636773027943,0.4316293684276582
1233,0.6553935291872246,0.5884385579372258
1234,0.6426025715984935,0.5970444663985869
1235,0.6632090714289531,0.6022251870529229
1236,0.6581886236405423,0.6876434304002236
1237,0.8998620145793714,0.7814658921139144
1238,0.5448842260178062,0.633875135206754
1239,0.7711166282282844,0.6234223574266021
1240,0.5221713030650563,0.5512092175306204
1241,0.5277428399995816,0.45270633101769864
1242,0.6507856648493283,0.8516002016988914
1243,0.5842958392240742,0.558182697120816
1244,0.4534743168631108,0.39090588181553737
1245,0.5496951134908552,0.4813297341488442
1246,0.8156257076570645,1.000579161010272
1247,0.6327136903529061,0.5773606670970503
1248,0.6178025385761795,0.6908070220079534
1249,0.552992911473627,0.3617603951230534
1250,0.6219461360922895,0.6571681975896627
1251,0.52319424719994,0.40980017297275445
1252,0.6927080264255319,0.5306902608936769
1253,0.5658447536061659,0.44040302015628446
1254,0.5485472124335328,0.5070383093239913
1255,0.6207806203173322,0.45667378479419235
1256,0.6722346654217192,0.5516392096868905
1257,0.5511390199239017,0.4057413807583039
1258,0.5410078614321068,0.5009234970352165
1259,0.7356748313605973,0.747892942670434
1260,0.5217936442578908,0.3199636320842915
1261,0.570784088226058,0.43223851150595244
1262,0.550240767340056,0.6103048270031685
1263,0.548209735807176,0.9257351570249439
1264,0.4318099335016642,0.3224297707327483
1265,0.5822703958316044,0.6236710724283019
1266,0.38260144925264417,0.26719184686131825
1267,0.8646430030160375,1.3183475620672358
1268,0.5613775072052526,0.574177606771124
1269,0.5713980525668286,0.5597255810254522
1270,0.38879432924691165,0.2858073159429712
1271,0.5349077232424764,0.4864494384921427
1272,0.5848137945980098,0.5144600398318734
1273,0.6070390828485092,0.40982336477870895
1274,0.9008181535226477,1.3092166577716489
1275,0.6943258412987697,0.8635394788186971
1276,0.7632307007241216,1.144425855839799
1277,0.9238858262345818,1.5383951034632692
1278,0.4977178415340383,0.2651565095505312
1279,0.5191254101664107,0.3909620901302764
1280,0.6722170357290376,0.8268968896655113
1281,0.4683027379918559,0.22324469139095884
1282,0.607424183560348,0.6397218154719331
1283,0.4100153475402478,0.3091895258967323
1284,0.4638399380805362,0.3222676082465917
1285,0.4058395218894303,0.2756601881321902
1286,0.4549647412981203,0.33721364042591484
1287,0.7832527913837,0.8124067150784133
1288,0.5391344220143127,0.5062147743541059
1289,0.48374372308612446,0.35448183557024215
1290,0.6109206521596614,0.4070664496397169
1291,0.7792251564450248,0.7817941555963711
1292,0.5381179393866918,0.5210892800709112
1293,0.6957741064895144,0.5745593753710821
1294,0.4858970153378924,0.37446215897975915
1295,0.4598560448423208,0.46356668747210505
1296,0.5709936596024393,0.4560132529143316
1297,0.7300148788567564,0.9775928173277951
1298,0.48646675175109655,0.3630602246707119
1299,0.8269402102421225,0.7328116192038074
1300,0.6104968994183662,0.47904934383677017
1301,0.7773741391015795,0.6615102498625431
1302,0.6446032427687236,0.3798915242075926
1303,0.6241985572131094,0.3637824622498914
1304,0.5314509108110549,0.37676261949348544
1305,0.8142817552457178,0.6877192945503179
1306,0.8648705687361791,1.364307581288801
1307,0.843269877089379,1.031271242594286
1308,1.206920278368725,2.1198055816100605
1309,0.6455986248487212,0.6432627408795601
1310,0.5207760814036899,0.4072704250391123
1311,0.6684014512136208,0.773962381469487
1312,0.588861993511671,0.43295970305324394
1313,0.8174977138945735,0.8850797443815593
1314,0.6510424023702598,0.524740773538644
1315,0.5247508946292827,0.2995333142871736
1316,0.490629428732433,0.3304330182392294
1317,0.5680218185538214,0.2567359149239192
1318,0.5515895101203777,0.3435163609092163
1319,0.7003390452878515,0.5940629770701458
1320,0.5959962895194897,0.48208803931154603
1321,0.46944890423459873,0.3258386182597489
1322,0.6677173304047479,0.6921867687462123
1323,0.48097596192281494,0.3552353107383194
1324,0.527399186856527,0.26711109749511885
1325,0.5302230960484356,0.40795250715907855
1326,0.6484298115590708,0.6575206091197158
1327,0.6083642736322614,0.5018072375058441
1328,0.7051272003187428,0.8470346794941389
1329,0.6399095230266582,0.3712779101879014
1330,0.6921122904716355,0.4284210401156984
1331,0.6848527720371436,0.6714316708154494
1332,0.5356806313030381,0.45492220800059546
1333,0.5003525753274138,0.4919756441093712
1334,0.5806132610332977,0.74761450054299
1335,0.5205855858410875,0.4131784674542819
1336,0.6000963570125499,0.37728742800901083
1337,0.7420352670731571,0.9141116997779305
1338,0.4592324505596526,0.28539471287527535
1339,0.5983250871269695,0.2782847658025981
1340,0.6610244637123607,0.34496088437665
1341,0.4543100772033265,0.28642591507158766
1342,0.42914802506735034,0.22401805832427713
1343,0.4379818019789338,0.2666761400059765
1344,0.4624190606850317,0.2662037744179804
1345,0.5159720255148099,0.4200769864807437
1346,0.45756449936490196,0.3415866005776887
1347,0.5902092998322691,0.3705757538602451
1348,0.5843919857271075,0.3779445857681172
1349,0.5339643613485893,0.31673890501226587
1350,0.572157153441341,0.3442801773311836
1351,0.6247562040269864,0.38794285451334737
1352,0.5113349798508782,0.3387402155412932
1353,0.6419088627288116,0.5335034003533295
1354,0.5197690634287293,0.3237896755257188
1355,0.5219863246284921,0.331432805658413
1356,0.5215772253550055,0.48529810441347193
1357,0.47236564932971364,0.4641813086629252
1358,0.46854556618692944,0.3152104144294991
1359,0.4972586106263174,0.4741103371769147
1360,0.8683460695635781,1.2146877360759394
1361,1.1818658633679355,2.249325235842157
1362,0.7942622717089517,0.9052452693766251
1363,0.5921419984614656,0.43476251571156677
1364,0.5400160426883145,0.5231179038424596
1365,1.0626066816080733,1.7586485068657554
1366,0.7064768513349977,0.9051551572149541
1367,0.6835246751485656,0.6676342520080453
1368,0.46130769384047515,0.3224444162777339
1369,0.7219511584349638,1.0340309385760629
1370,0.4864673256221401,0.42194631027492563
1371,0.48554288459701817,0.42308418627887384
1372,0.5841380248936447,0.5287102711842558
1373,0.4628420357784105,0.3972175325103894
1374,0.6374439040444339,0.6409819593545325
1375,0.516688975576723,0.24940212595574437
1376,0.6158150158631417,0.3362751179541628
1377,0.8128927804363386,0.8683501388632487
1378,0.7029053861778414,0.7506749459834323
1379,0.6665734863199445,0.5505499351417764
1380,0.5674019122570684,0.5742574274010684
1381,1.0125285861205247,1.8559030264774323
1382,0.6150371532455209,0.37591877002488605
1383,0.6713013175858777,0.7124456696504986
1384,0.6812563011521042,0.5445314320574126
1385,0.5142358475628707,0.3563224641195839
1386,0.6364299073480295,0.4174132647400675
1387,0.8131869087069376,0.9272085757358136
1388,0.5349855459516822,0.36939723355219306
1389,0.690873037539699,0.609940544776935
1390,0.5436522718920187,0.3788609888287675
1391,0.5784871495660451,0.4540860958421062
1392,0.5472694912197766,0.44755584757932415
1393,0.4374962502721817,0.35921822525227604
1394,0.7906395602528143,1.207209260843075
1395,0.5565016186135752,0.510129347893598
1396,0.6282361697370783,0.5105683020668063
1397,0.502887060999439,0.34806912531834133
1398,0.6064748961595554,0.45530080515154997
1399,0.5874392124183652,0.48808374220400097
1400,0.6565281858360326,0.42735617653659747
1401,0.538572641206353,0.38210734926054224
1402,0.5603089276994216,0.40228387743404787
1403,0.503357839440144,0.44876334276194807
1404,0.449401524163065,0.3087262027697999
1405,0.5519364200022258,0.4172899200564321
1406,0.5806444667780698,0.6052625588848124
1407,0.507077524057165,0.29645942013097004
1408,0.37985565015835554,0.24526488473552352
1409,0.5333866223329927,0.29394402586477236
1410,0.40151049685358764,0.19878012543912352
1411,0.5196537706849995,0.35675242579518274
1412,0.518683389031379,0.4090842598675338
1413,0.36295809770888654,0.2493183268029151
1414,0.5141431614900818,0.3760687906296926
1415,1.8054074264735083,6.053581866411758
1416,0.4056181702168985,0.3418221779545098
1417,0.5220748113482176,0.3491645040608129
1418,0.536762785024254,0.4647641333153392
1419,0.9801767084265915,1.1839935944245539
1420,0.6781951070856909,0.7480284928757633
1421,0.48884696077547024,0.38778219851856555
1422,0.4556879844963803,0.24901711504782828
1423,0.5250213727270016,0.4301796981318646
1424,0.465262259031286,0.3562878491669933
1425,0.4806015151308153,0.23841300514097252
1426,0.6604880752596933,0.375854121806296
1427,1.033420372977918,2.252774222218483
1428,0.4721796525119686,0.3672349908700971
1429,0.503664875295657,0.4031600236060445
1430,0.3922481159299456,0.27863861493349384
1431,0.7601812977189253,1.347624036598033
1432,0.3608764643445532,0.22631737883868105
1433,0.49827891248357375,0.2871787285308763
1434,0.8318371004576053,1.6568965814841576
1435,0.43697290240796516,0.2872012855882432
1436,0.6745720650584514,0.6363266044488693
1437,0.6949495817662779,0.7173791428618208
1438,0.6657120696838954,0.5587586199804015
1439,0.8077858396275737,0.9521441213826978
1440,0.573824011408852,0.33920741979800095
1441,0.4971869384142238,0.24526451587939554
1442,0.5897560127269914,0.5011012505977448
1443,0.5885622241560153,0.4982492625852813
1444,0.4966305089947623,0.3637318105822206
1445,0.4381108388594056,0.3274344041407459
1446,0.3572628889885937,0.21837359715141427
1447,0.43588799328110656,0.2621502439655983
1448,0.47720445571353903,0.2896942538825083
1449,0.45449910670753046,0.5053673630287302
1450,0.4130019637257264,0.2307249693948075
1451,0.4712121988506611,0.3109699261054957
1452,0.4296789706791798,0.3992249045543789
1453,0.4378579894810847,0.25959973070308034
1454,0.41165516093016646,0.1897785220660944
1455,0.4001489525750667,0.27638972687062263
1456,0.4123358602826812,0.24214478121758895
1457,0.3786584727046747,0.1921055312306037
1458,0.480967510082167,0.3863588642338311
1459,0.5641316199262976,0.49152522831291556
1460,0.5367439025247652,0.5028443531386195
1461,0.4710894282667096,0.4090153547888759
1462,0.5134934297051248,0.5138699884879633
1463,0.3822190293827859,0.2688140329792869
1464,0.44776402322357234,0.27805937854319374
1465,0.5267526299162817,0.44115785920243533
1466,0.7766386527304077,1.6449308872027608
1467,0.49505030273653866,0.3891182132846774
1468,0.5712829984365239,0.5016418284979239
1469,0.43731664396921055,0.4285402255389856
1470,0.4780864974160652,0.5078959763779411
1471,0.6055989769393864,1.0718667282896361
1472,0.6349987604212775,0.9079055006496994
1473,0.36527170431778533,0.3105719680478501
1474,0.3329818541889845,0.236690049861458
1475,0.3938287931246375,0.298717726017788
1476,0.5179546960059437,0.47029962438154
1477,0.3856631093624837,0.26659949627578433
1478,0.4696894596226414,0.6089679277529922
1479,0.2861729294153723,0.16870303012405655
1480,0.3803927878664725,0.29113372346142324
1481,0.3760792708597498,0.2527964103731172
1482,0.3182851814167107,0.22047413157854379
1483,0.3544305311317766,0.2571793052108406
1484,0.31475689496113823,0.3176437114273157
1485,0.6471142916800617,0.7915185987903122
1486,0.410728651285592,0.36735783792378773
1487,0.48135002734053584,0.5012697959205917
1488,0.39378572550656227,0.29203125232912586
1489,0.5299324147753577,0.5360178013378385
1490,0.38232759127147703,0.3381694982404997
1491,0.37966561491057293,0.3131352057784616
1492,0.35644804280514786,0.23413644277348492
1493,0.3707632226352214,0.23472616754761727
1494,0.3255937289502868,0.20253843132621763
1495,0.4490411396732149,0.3819159865084668
1496,0.3981893904646071,0.2373276462587171
1497,0.3514379931011943,0.28799255023782644
1498,0.3061604956999213,0.23029120951571386
1499,0.3704795037656048,0.2056389041167769
1500,0.4893322916030275,0.22455810624742306
1501,0.41346920629903383,0.3444679588095104
1502,0.36474730632260366,0.35822142453320716
1503,0.41389073908253116,0.2987517479440477
1504,0.4203932472324617,0.46074594132721186
1505,0.46116589769727884,0.26208956271030864
1506,0.31728907620824853,0.26215803090445433
1507,0.3539125008265672,0.36561663523994503
1508,0.6134737270197259,0.7845408529509341
1509,0.3972084778685864,0.32270339543907833
1510,0.5644582576858923,0.6750755004489705
1511,0.4517141301607458,0.257420609445444
1512,0.3854845692796633,0.3139125807149813
1513,0.38839917963067705,0.29741622638884696
1514,0.2542903356084335,0.1734717640618427
1515,0.37613179252115064,0.41811292245870524
1516,0.29690599202336615,0.21762820962276444
1517,0.331845356654056,0.21199094848449168
1518,0.43690692985229324,0.3313889132442278
1519,0.39728876191024026,0.28549584608768025
1520,0.4874704361904817,0.3756172011830615
1521,0.6184185340488031,0.6673465836370875
1522,0.6127046745096949,0.7190493419704648
1523,0.3144383239379564,0.2351419216505153
1524,0.3604658364682969,0.23732238538489778
1525,0.4656093630105552,0.7401722019480766
1526,0.35748299653665006,0.1888793149647252
1527,0.357443778174474,0.34647208649973055
1528,0.2950419791051604,0.26754033361625457
1529,0.3248476416898848,0.20575455748522342
1530,0.45785134541792,0.40691143163609106
1531,0.30522224177203405,0.21383558525753404
1532,0.270897806665611,0.17008583178208408
1533,0.35330779587652084,0.2762997005789436
1534,0.24208574720347303,0.2088428148106492
1535,0.29889217078281016,0.29463013158520657
1536,0.3789765201485736,0.4111854944013306
1537,0.36649912561846343,0.44229840117995095
1538,0.6075069512537553,1.221364124578416
1539,0.5501277147447333,0.8806842886645947
1540,0.3921564933195042,0.3600230007758142
1541,0.33122860643608276,0.24948200373876786
1542,0.38242390382609825,0.2741137366280799
1543,0.933295685748868,2.2710242334113366
1544,0.3832260704108176,0.26680874009696887
1545,0.32469922808367385,0.213392080477835
1546,0.33813086548456,0.18681566306657568
1547,0.29343089273151424,0.2103761145528349
1548,0.40383007163013335,0.2837496430641403
1549,0.3802421344308259,0.20211806374192168
1550,0.3843564032808281,0.2765785654383173
1551,0.5560158749156459,0.38694163603784204
1552,0.5773541105351421,0.4931105667859805
1553,0.4291613117503106,0.27867894806741456
1554,0.4153012194243365,0.34368682287157803
1555,0.36835510946728683,0.21288624472497802
1556,0.6112962392282121,0.7583666433374827
1557,0.6697911049647266,1.2054807712255604
1558,0.6607240305206721,0.7496421219241756
1559,0.31245193844895325,0.1716536962141209
1560,0.30920821269965265,0.16649888126810777
1561,0.32678869396470106,0.2658120308729756
1562,0.3883463911143344,0.23773949756529386
1563,0.347515500682226,0.2503458902558369
1564,0.3241243799841948,0.21011809222324718
1565,0.2930036953156937,0.18408939245231656
1566,0.3668489196273089,0.2565687853307726
1567,0.38184535810155873,0.4157613309853239
1568,0.35242536291541277,0.23671649295103567
1569,0.47055884301456186,0.4550602283826472
1570,0.2612940388789079,0.15993981167271062
1571,0.3448030842422637,0.2168505152930293
1572,0.3266581667925879,0.21676605453875275
1573,0.36471481959948154,0.31317532683010857
1574,0.3383678484412188,0.303633293145415
1575,0.3260018130623467,0.20981783525281686
1576,0.4781474449420493,0.6907586272826416
1577,0.43003115503515976,0.7403957088241172
1578,1.2907026757099502,4.437196491267569
1579,0.34563026872208286,0.2938526607080504
1580,0.2732441366417627,0.23963656678193054
1581,0.6019278726531004,1.1421037412820532
1582,0.3638574297293003,0.2147109782878876
1583,0.33324317159103095,0.19931950418605185
1584,0.3743376028748074,0.3259482290934469
1585,0.3484046705696768,0.18966873605708187
1586,0.3444961017650071,0.19611918644976786
1587,0.43474719214790947,0.46814062060838124
1588,0.3007224371212271,0.19820478537917685
1589,0.35035095517216763,0.18997651044072
1590,0.32466017868526087,0.19915032991559642
1591,0.284486345799187,0.1364715414725272
1592,0.3201568075524592,0.18676346817647324
1593,0.3016950409950535,0.19884603870841902
1594,0.2474240698251215,0.15306589590629835
1595,0.3947227614054947,0.32302427917395465
1596,0.291412821268824,0.20924656365019406
1597,0.2986373608833568,0.23741769393098405
1598,0.3318039062721959,0.2602985105715877
1599,0.30243174380264526,0.30417864668455485
1600,0.3695808268697756,0.3945246920055248
1601,0.3256519767179461,0.23332077731521642
1602,0.26170866174970575,0.17405831796665372
1603,0.36807142735610765,0.38613237810371226
1604,0.322685316934229,0.25968498288142766
1605,0.36327075964051464,0.3400239451264998
1606,0.2970143057490733,0.3217675286214963
1607,0.3583726458232749,0.31091672439078777
1608,1.4537553526054992,4.787792890364534
1609,0.4339390448608387,0.40481995816930233
1610,0.5053025545735156,0.6879892478587497
1611,0.32512111635902075,0.3137041764870999
1612,0.3628534396638276,0.27982077384855997
1613,0.3007325484290927,0.23732146118330444
1614,0.2935623278308984,0.20177955851163856
1615,0.3579321672649877,0.24832430508808712
1616,0.836884086817437,1.93334932413098
1617,0.2670023625495551,0.20874923160360304
1618,0.5526704871809547,1.0619524358424
1619,0.48580975369651275,0.6711244575856833
1620,0.2329508708508589,0.20906628892298235
1621,0.3359322736954814,0.28379619029828496
1622,0.2599005358628202,0.14236398054514868
1623,0.40065352790194453,0.38160507144374367
1624,0.3014159999553709,0.19877824108177464
1625,0.3914464395099243,0.4139519541506725
1626,0.33456628469066174,0.21933050027466489
1627,0.37585726138068326,0.3150371354246762
1628,0.32587868767123307,0.31584461913842243
1629,0.29999782702499916,0.2634852140184122
1630,0.3362099095209689,0.19983100112032595
1631,0.3206814525978146,0.2897729154981758
1632,0.3423268327227935,0.27593382825893387
1633,0.41503650810968307,0.5330740702112362
1634,0.28647608077577225,0.16380694767050738
1635,0.3234355615506897,0.2448956695076068
1636,0.362133399833242,0.16975387998961342
1637,0.2882330778814538,0.20506567929865283
1638,0.4050662640880728,0.3295088625291528
1639,0.3596462453848718,0.44819370241445694
1640,0.3960039884018916,0.45300250221666033
1641,0.31068190613245006,0.20729739227057636
1642,0.3096055823012584,0.2817199108717236
1643,0.3450312353191963,0.2862135010814391
1644,0.3035989327518439,0.17061024954002865
1645,0.418662586974419,0.5534224593262651
1646,0.31877414774401247,0.24198954558169986
1647,0.3000515405509424,0.2438782825780377
1648,0.29987567145460525,0.22852555475198158
1649,0.2719326507358023,0.16445776787059307
1650,0.2602874559394068,0.171651750907835
1651,0.2913846824886438,0.19909531102024555
1652,0.18377462043214293,0.1200989363355553
1653,0.29589473644616093,0.22468475541009228
1654,0.27285955221737324,0.2201534980149208
1655,0.2709828735129685,0.23867826024395067
1656,0.24431821764984915,0.15424221534470983
1657,0.2724456223648753,0.15319264773059227
1658,0.2399469286871759,0.15720940886717408
1659,0.21938988343102128,0.2069939982930966
1660,0.23665757966901674,0.16357295308273678
1661,0.23749798205012568,0.16442143123458283
1662,0.2617659082572348,0.23955964920189676
1663,0.3086255363992077,0.1866698963812129
1664,0.29660071066700855,0.21433424286690178
1665,0.2199018733438086,0.14009785698588603
1666,0.2498426417449961,0.21961472919806602
1667,0.2662232563487037,0.17830105901266963
1668,0.25389624659661736,0.1920891743246549
1669,0.2613351899791257,0.18152636245380896
1670,0.20924020348561814,0.14714134391096517
1671,0.19609104528397553,0.1530135914327949
1672,0.32871131523758146,0.2953487237429884
1673,0.2753955532432918,0.19101556787658083
1674,0.30775303146972977,0.26264105522562164
1675,0.2751353906562487,0.2162449594663485
1676,0.3213292463181982,0.32753569385090275
1677,0.31623149037441645,0.41197504968098775
1678,0.30114152316171977,0.21710939483909572
1679,0.19981461359171457,0.1447985529568991
1680,0.23647901648325115,0.15519184179340606
1681,0.23780509542187872,0.1546760644555799
1682,0.27956759687234556,0.16375801217442415
1683,0.35815110146893536,0.36141013992361654
1684,0.33993872573661077,0.3092327152578441
1685,0.2704885823152269,0.19389528777387352
1686,0.3736181995355906,0.2666506478865554
1687,0.32057372275693863,0.2661941241266563
1688,0.37087988894783985,0.32487136104671943
1689,0.28739675599193665,0.2007273549600138
1690,0.2920547435073372,0.20731160761739584
1691,0.25786332267670087,0.16117404725041606
1692,0.2408840963382488,0.19338830633420262
1693,0.3105451193438219,0.27607210350002903
1694,0.3785401292898048,0.2842399374579618
1695,0.30206131620264304,0.17320473079911894
1696,0.2902602734927379,0.21414053595582205
1697,0.31578018717907874,0.31363377749730664
1698,0.22060028822159064,0.19424736031971113
1699,0.2314610828057729,0.1775528518087114
1700,0.23191071062289015,0.17769637756317166
1701,0.2482349930635591,0.2233344443910283
1702,0.2147111227743766,0.20703416500291083
1703,0.1909792476224388,0.14478774144804152
1704,0.35905170919811186,0.5519394404803035
1705,0.21083368946986428,0.13245985627631354
1706,0.3448480293177194,0.46028305434578093
1707,0.21581394523963385,0.18086103998808292
1708,0.2382523370240503,0.195736197263864
1709,0.20510214682101716,0.19547714264957805
1710,0.24349344315621,0.24094939607211713
1711,0.19551963418112822,0.14389304701489772
1712,0.30218395567405826,0.48108620507353117
1713,0.2351631258512715,0.20002724410856867
1714,0.25680232132463293,0.22923096963966283
1715,0.3419211550000125,0.3311568835920705
1716,0.33114733353768305,0.33940497671787606
1717,0.2650363127468865,0.21403343067735175
1718,0.25428081512710377,0.19149799366261716
1719,0.18277810801307823,0.11897114520608373
1720,0.1985412181434824,0.1417397884561421
1721,0.2417852544943912,0.19277314443733548
1722,0.25061462958827274,0.24690116147472038
1723,0.27992846858166887,0.4066825317576563
1724,0.2045929042166248,0.19618169626685958
1725,0.24231714559080225,0.1945293023257676
1726,0.23682387417392475,0.1527585657820997
1727,0.28261554268468775,0.2558593338444298
1728,0.25394380857771237,0.17932793594632543
1729,0.24975591550667292,0.190099264219527
1730,0.32591965071945755,0.22619995657286124
1731,0.2401273292177139,0.22496048527245271
1732,0.2610078653879289,0.1976525469981204
1733,0.25957467476011875,0.1676728714673935
1734,0.31991236265266954,0.267825665277082
1735,0.20367124421195948,0.12654443955596428
1736,0.22094933690099244,0.12381798421071008
1737,0.210283132016646,0.15084107999242768
1738,0.5260593731222237,1.4639122126389985
1739,0.21493320009184017,0.18219769926432153
1740,0.21637953794596987,0.1652352598774954
1741,0.3369318678515537,0.4327687372802869
1742,0.30886835987138983,0.19718980658887808
1743,0.24463676084820615,0.3251620003447558
1744,0.32001258767151397,0.2115240732969292
1745,0.2965629545262445,0.16585864642744536
1746,0.27926756935625774,0.17455143992128566
1747,0.2927633374940229,0.17630911705035612
1748,0.27851927565782847,0.19221976654088646
1749,0.2414585973551163,0.17906588234332468
1750,0.26180068394679357,0.13227942239313356
1751,0.2433762766790563,0.14069325259992901
1752,0.20629842906016255,0.18133041301383745
1753,0.2524239930504021,0.21309266545946914
1754,0.27935377543938156,0.21225087390633365
1755,0.2584746612642309,0.1873785720896252
1756,0.257972871238044,0.17789337805813615
1757,0.282555304763203,0.21493166174775596
1758,0.27425322326238777,0.173032508382571
1759,0.31249684977856995,0.19889265733980466
1760,0.2834229247660699,0.16783244158329444
1761,0.33759318188106696,0.2925647768340538
1762,0.2749685554785774,0.22905257533346063
1763,0.29577066395068535,0.1909779653563168
1764,0.2599302095518016,0.1917486219536969
1765,0.2602138406683307,0.1495084775262332
1766,0.29102488676070787,0.1961424279658655
1767,0.19465456603520995,0.1143285839701168
1768,0.7844325349910707,2.349542515597651
1769,0.2516063694143315,0.22147605719198252
1770,0.2707070808081241,0.1872883665016658
1771,0.29261638549853924,0.2360254499810795
1772,0.2075253457854982,0.1343874020418444
1773,0.26854497147716055,0.15528045979984414
1774,0.49511207082961006,0.8061131439841183
1775,0.29930763699226526,0.15128443493713883
1776,0.2887939501175255,0.1413156404216002
1777,0.30053043846126953,0.18226786857209207
1778,0.2798095702428655,0.14427997648459404
1779,0.23506250555286606,0.13708805459261517
1780,0.225191893469238,0.15141962823800803
1781,0.2738041380344332,0.1685179576186247
1782,0.2473957970121173,0.1772410291257332
1783,0.2803599350577361,0.22113214769109282
1784,0.22512161408114437,0.1968252414871981
1785,0.2429206007223783,0.1950421787496019
1786,0.2156680384057134,0.1678527428132901
1787,0.2443743115053633,0.17549318494627378
1788,0.25152686118486456,0.17948397404531383
1789,0.2763773856081742,0.3079813221409176
1790,0.2978894830016376,0.27433066797505523
1791,0.446452306563489,0.9560448247409424
1792,0.3688375850506687,0.3202406213549593
1793,0.3387777248574985,0.272296344086364
1794,0.9414968123419284,2.7775870419331485
1795,0.5722708343036742,1.3271394895745372
1796,0.24680886539425612,0.1225139163523533
1797,0.6831249033371304,1.6229936358836023
1798,0.5576108422493705,1.0734626476459546
1799,0.44505717460760136,1.1322338548905186
1800,0.35679517310109,0.5669422542909754
1801,0.2974819968390271,0.35248626366009006
1802,0.24949631032438102,0.29545932547285775
1803,0.28948562766809144,0.2694831596357225
1804,0.2488867816126734,0.22028348016163088
1805,0.18641786740936164,0.11840085493134082
1806,0.23902547751968672,0.3026271163846121
1807,0.30679443792917344,0.47958099840013957
1808,0.31746174321622267,0.27621569226554965
1809,0.2200178263955726,0.15003709707657242
1810,0.25566000937660227,0.15057487491025723
1811,0.32476863733267314,0.30099493409324446
1812,0.38573201887905356,0.4234051735266063
1813,0.2944971883652686,0.15957918117552258
1814,0.23533174285183636,0.17935635548684165
1815,0.2670169952001863,0.18912419351324397
1816,0.30327057647842554,0.24722576675941735
1817,0.20482247190802072,0.13555026026041775
1818,0.287366605354925,0.3446981284344844
1819,0.30408758517433915,0.33886241117244637
1820,0.22615926637165468,0.2040290182128353
1821,0.29327281157531143,0.2861903730291961
1822,0.27130395160418813,0.20306901919182088
1823,0.2192261084067491,0.15142940682174622
1824,0.27625437455709445,0.15765215947686623
1825,0.29787817914978404,0.20998296407490383
1826,0.34030292674401696,0.44801968590792723
1827,0.2126522968578679,0.11291668665831604
1828,0.2571113108519648,0.15122465520910955
1829,0.2676108732892521,0.29186719696258584
1830,0.20520260166386617,0.19735513905732538
1831,0.2187501729631502,0.14634169866347563
1832,0.2820767916968732,0.3285175434751404
1833,0.2514921584215371,0.20798024661962683
1834,0.2670387836054606,0.23652224695656238
1835,0.48708229533750663,0.9428016036203104
1836,0.31309189406414467,0.3010016432706935
1837,0.26521537908809967,0.3000973684196525
1838,0.21480831674082657,0.1449819197965947
1839,0.27844007631571666,0.22589520783004882
1840,0.22258889113907793,0.14272038074235185
1841,0.19048097126242902,0.15008107961710201
1842,0.28009782888048884,0.25142107174622347
1843,0.19613550776467592,0.146843643908035
1844,0.24428520462548828,0.3324448558183613
1845,0.2643986850868154,0.2006858802183757
1846,0.30276347636641354,0.3564092973920503
1847,0.34761186298577373,0.49826779412545336
1848,0.3497400180952576,0.4030523971955977
1849,0.3271347160482428,0.3328656072276558
1850,0.31956237801826193,0.2497061931504043
1851,0.3847061943089374,0.5490300586401017
1852,0.3016421345478316,0.22170378466659654
1853,0.31238684194840854,0.24655378513760934
1854,0.24183729261818687,0.18865615072179914
1855,0.33237049880139147,0.42332087160315096
1856,0.23157730363515575,0.16836584957402992
1857,0.2637967441449093,0.30141040937052066
1858,0.3711273870978491,0.48762824510045344
1859,0.27195099222170505,0.25938032986545895
1860,0.2894225115522744,0.38005813486208534
1861,0.3117560390243622,0.2562354166266886
1862,0.2236142005770568,0.1828577883109548
1863,0.2191697177497661,0.16713502683433287
1864,0.19228719690221613,0.16345437684190023
1865,0.1961753865830202,0.15575539603248972
1866,0.18578548401862208,0.13295258652916603
1867,0.21756979700162532,0.17636313460815675
1868,0.20337106417094591,0.1770236497367602
1869,0.20964792160364715,0.17242552444583775
1870,0.21876670514876903,0.1895697720400587
1871,0.21772275112234835,0.15549137729972312
1872,0.24319380861111037,0.23181615158009675
1873,0.27835608218409835,0.2184407832112159
1874,0.27078297049120237,0.31120968335181665
1875,0.25457527475121683,0.21071662887674364
1876,0.19479134737882076,0.17664233741276844
1877,0.1768070541673214,0.1601068342201431
1878,0.21124323853919638,0.15212188877548358
1879,0.22774962689972567,0.17047487024221317
1880,0.15647009054969235,0.10837379033423516
1881,0.1659672943652585,0.10588272201011852
1882,0.21556876710058076,0.2686358085201311
1883,0.15932418563281653,0.13024189326144162
1884,0.15368093080358097,0.09397413464900213
1885,0.18703428057869348,0.12835774911332357
1886,0.1857893778505862,0.10389328045892741
1887,0.17142946767589676,0.129035816569098
1888,0.17144890038744412,0.09995201311401596
1889,0.13472828132128725,0.08219275823441398
1890,0.19814235903359992,0.16719922771792398
1891,0.2174265412930727,0.1952726728864319
1892,0.17173017850974898,0.11722436828506833
1893,0.21871238816959931,0.156114365923972
1894,0.19402126562846642,0.1218628724674618
1895,0.2234421314099017,0.12530760142352135
1896,0.17152115392762196,0.0982816712520336
1897,0.2533379819498223,0.1845432271518079
1898,0.2208046031946686,0.1525768305903705
1899,0.19995280153739767,0.14107706036097245
1900,0.24208488021120314,0.18206594294638495
1901,0.19649937852152752,0.16562335601475806
1902,0.18150207804305513,0.15347529633683374
1903,0.18639232518684085,0.13740610605583764
1904,0.3135218428476908,0.3817301710248499
1905,0.2007912432636169,0.17701150489487144
1906,0.17906158279051215,0.14715630253973339
1907,0.22889414548494508,0.362785950073339
1908,0.17314496581415523,0.17245233004420094
1909,0.1712610965762237,0.16197518899880198
1910,0.17992636688128968,0.16990409626096517
1911,0.19283434914783754,0.16412017882369273
1912,0.16439779398288384,0.1197741300844971
1913,0.18204942742777852,0.17815412733180247
1914,0.1603340537508985,0.14672955708644028
1915,0.20238053649224413,0.16035334972993057
1916,0.19645018308021395,0.10321399013437116
1917,0.16947521032908489,0.13524486636747204
1918,0.23617670108689137,0.17325958412717565
1919,0.19369893271536617,0.12487741525047047
1920,0.20041066205875216,0.14709055482235986
1921,0.20695379439405476,0.20191809871337796
1922,0.3718652297185301,0.6041293232958669
1923,0.24882416211394115,0.21641183316944973
1924,0.22176756771878772,0.19528269550924582
1925,0.24078459190030627,0.20222486107845467
1926,0.23143103519514305,0.18024536084847878
1927,0.24588346850618636,0.18983838451657375
1928,0.25191341382968163,0.2078288447988269
1929,0.22001846885551637,0.1564916244344718
1930,0.2687318579480264,0.28151928911765234
1931,0.20781516703727396,0.19495080914094592
1932,0.2112821988834265,0.155622719272416
1933,0.2702127291674444,0.2514241122527144
1934,0.24101837098160886,0.19197212943877304
1935,0.2234310600895572,0.14510902999320763
1936,0.2132322212394291,0.1687379584157502
1937,0.18432928648862598,0.11405405046947689
1938,0.23467301636252288,0.23806141815575732
1939,0.2502730366069384,0.3449796609325711
1940,0.18197742464750233,0.13153963716861333
1941,0.1737743928969357,0.16049004668829503
1942,0.24779731190759108,0.17353103513814572
1943,0.26169599293113394,0.2870315265486455
1944,0.3094811796212462,0.5185149034961267
1945,0.19701622865211843,0.18971755709313326
1946,0.16871666255878176,0.14241830902744088
1947,0.23211655456566924,0.19380473460482084
1948,0.20544511310424268,0.13098924894514005
1949,0.31661324578086464,0.5414806595932065
1950,0.1783672791354614,0.13177283491145236
1951,0.200132467348703,0.3672583130879427
1952,0.26058416495367254,0.22013140941881365
1953,0.21195632681217697,0.11220998503489199
1954,0.1536722147311095,0.09500257835888484
1955,0.16206240486294626,0.11238697896884438
1956,0.1566821496543367,0.11332773268972213
1957,0.159378802261226,0.09639615140299945
1958,0.1722549636724823,0.12118832502796485
1959,0.13733190078129426,0.09834778459685173
1960,0.11657759955809736,0.064832734350515
1961,0.4897005714298871,1.2870965056318127
1962,0.13418689690845445,0.0914493273106859
1963,0.18294971298674575,0.20339580187458034
1964,0.17403772743358042,0.17541187232451716
1965,0.18819406382804363,0.2886564849995907
1966,0.20744129856550977,0.1807704735187491
1967,0.251117218661661,0.328825858170549
1968,0.19871201048870424,0.15295284264160247
1969,0.21727542590354337,0.15187078186869218
1970,0.22727665158317462,0.1758457068715757
1971,0.1771878119797754,0.1720267295435475
1972,0.30206266775338897,0.4674605381532005
1973,0.29562502641412375,0.2906931896598696
1974,0.24086057164435185,0.2158494752613156
1975,0.19079793387537075,0.13726028651860792
1976,0.2012480927582116,0.1478921224871472
1977,0.17912443813667317,0.10719059048466294
1978,0.21208496565876583,0.15845345269311925
1979,0.17212709581490598,0.1295838322327318
1980,0.18046028407595766,0.13503466548205878
1981,0.16384794056965818,0.17917628788285161
1982,0.19362274776266913,0.13972090093787984
1983,0.20640545360877627,0.1777949705425664
1984,0.21312568203266488,0.16902648955743527
1985,0.20518759440190482,0.16102881617562892
1986,0.33958658021900934,0.7038412286181449
1987,0.16204582346024352,0.14862576783928433
1988,0.16672130384100034,0.16353372549933265
1989,0.14532287251300163,0.11208886419184082
1990,0.1316807019267136,0.11856117999058945
1991,0.15288826336070055,0.1507320114060419
1992,0.17824031062722862,0.2627193975124778
1993,0.16886622244142072,0.20147642570087673
1994,0.19044553252559884,0.15983976789382465
1995,0.19134689906233293,0.21963483073144976
1996,0.1836718775496891,0.13198483624108276
1997,0.18170418146347064,0.1644728585007666
1998,0.147847226926272,0.11177547121608261
1999,0.15555796796730298,0.1267680850290648
2000,0.174400359837843,0.16773694435676492
