episode,mean_loss,std_loss
0,0,0
1,0,0
2,0,0
3,0,0
4,0,0
5,0,0
6,0,0
7,0,0
8,0,0
9,0,0
10,0,0
11,0,0
12,0,0
13,0,0
14,0,0
15,0,0
16,0,0
17,0,0
18,0,0
19,0,0
20,0,0
21,0,0
22,0,0
23,0,0
24,0,0
25,0,0
26,0.007072511,0.049507576
27,0.00138177,0.009672389
28,0.000518684,0.00363079
29,0.003819346,0.026735422
30,0.001097597,0.00768318
31,0.00249041,0.017432867
32,0.003653369,0.02557358
33,0.000986935,0.006908548
34,0.002643145,0.018502018
35,0.001877503,0.013142523
36,0.002931176,0.02051823
37,0.002722885,0.019060194
38,0.001232512,0.008627582
39,0.001694241,0.011859689
40,0.004018723,0.020836957
41,0.009686037,0.051174193
42,0.010637675,0.053056632
43,0.005204729,0.025508092
44,0.004691679,0.023168319
45,0.005087918,0.025462677
46,0.006970713,0.03608083
47,0.004796128,0.023545842
48,0.00284178,0.013952091
49,0.00315152,0.015669396
50,0.001731775,0.008483933
51,0.00405877,0.024061254
52,0.003842558,0.01926905
53,0.00375187,0.018816841
54,0.002623518,0.01322656
55,0.004918382,0.025831592
56,0.004774016,0.023427881
57,0.003249067,0.018522262
58,0.008745376,0.050949278
59,0.004851115,0.020403652
60,0.009649067,0.04240011
61,0.0121198,0.052730298
62,0.008777629,0.03572627
63,0.012262279,0.054618169
64,0.007896614,0.04178134
65,0.00551112,0.025378049
66,0.008367666,0.033869081
67,0.012396807,0.052373589
68,0.008404963,0.036399207
69,0.020006443,0.078269532
70,0.06833423,0.178137125
71,0.114462543,0.27083418
72,0.083911554,0.170583693
73,0.118447502,0.184837547
74,0.187111113,0.349732686
75,0.18295465,0.236278831
76,0.214586346,0.273155803
77,0.237341324,0.33082637
78,0.293025079,0.348344928
79,0.257085388,0.265453153
80,0.261411172,0.303470089
81,0.220261422,0.212264509
82,0.233676385,0.421483279
83,0.129828139,0.091337345
84,0.109745557,0.077577123
85,0.126059064,0.159065572
86,0.111433376,0.072063459
87,0.122605938,0.070755008
88,0.107965357,0.052860123
89,0.125495784,0.068976963
90,0.153551849,0.103154826
91,0.171684379,0.117967662
92,0.16721855,0.104450048
93,0.167720499,0.103550699
94,0.17363977,0.124175725
95,0.165780985,0.097758472
96,0.16407402,0.117538657
97,0.181005234,0.127640453
98,0.186178613,0.112976295
99,0.197837904,0.123344615
100,0.169254154,0.088580873
101,0.165675895,0.083911421
102,0.161480038,0.085833059
103,0.169491362,0.136240695
104,0.160259489,0.098634616
105,0.163931825,0.09351101
106,0.143365541,0.091971641
107,0.159511394,0.105992746
108,0.144379325,0.09682812
109,0.169946669,0.119305304
110,0.159748636,0.130561098
111,0.147913273,0.110507283
112,0.147479679,0.106301073
113,0.156337553,0.116928995
114,0.179667087,0.134885329
115,0.167299689,0.165503428
116,0.175507843,0.109736725
117,0.200598878,0.174913962
118,0.223232671,0.322776799
119,0.219787929,0.290741982
120,0.168999087,0.113416059
121,0.239658528,0.355601233
122,0.216197798,0.238282338
123,0.221365845,0.266658411
124,0.21725934,0.323869218
125,0.305278129,0.832208861
126,0.18717054,0.149211819
127,0.301449703,0.613238152
128,0.495702004,2.035891184
129,0.445307255,1.801191148
130,0.296089379,0.592448171
131,0.435953641,1.72040006
132,0.339409948,1.131688597
133,0.294913752,0.500434515
134,0.474530152,1.881504184
135,0.49803772,2.1212178
136,0.659183521,3.174672066
137,0.595949306,2.630616437
138,0.742429708,3.342519787
139,0.340433985,0.864213758
140,0.431983088,1.315035176
141,0.28696624,0.50793957
142,0.282076882,0.32601485
143,0.250301165,0.234200281
144,0.265839718,0.197634159
145,0.298846361,0.40047708
146,0.321350168,0.386434535
147,0.333720452,0.549106235
148,0.252181736,0.20225164
149,0.292754795,0.242830851
150,0.313525825,0.277308172
151,0.326112153,0.298225971
152,0.324340953,0.36474199
153,0.303661509,0.29685785
154,0.319754328,0.455677057
155,0.288886556,0.327500653
156,0.337655082,0.346026314
157,0.330141169,0.400232865
158,0.341472157,0.381456664
159,0.403493801,0.462257074
160,0.403009047,0.532481633
161,0.376958339,0.491288378
162,0.394368501,0.47413377
163,0.388777703,0.399533093
164,0.47830108,0.450570903
165,0.384640958,0.40066191
166,0.472059484,0.74895618
167,0.548269503,0.610041079
168,0.523539202,0.686566613
169,0.543062029,0.553515469
170,0.9389765,2.500083435
171,0.664465638,1.399385402
172,0.568947773,1.223520357
173,0.874923896,2.449937513
174,0.602932329,1.010891463
175,0.69170437,0.966490843
176,0.712281822,1.363695
177,0.698269298,1.698092719
178,1.471033651,5.192560311
179,0.612661179,0.933885116
180,0.955220516,2.390101199
181,1.117852757,3.289965099
182,0.996323335,2.716988567
183,1.258485598,3.694501174
184,1.037389938,2.258703343
185,1.009417849,2.649792849
186,0.820043008,2.3244629
187,0.893184895,2.221518105
188,0.790664203,1.79463614
189,0.596326826,0.772477869
190,0.568044961,0.833382509
191,0.613203981,0.527480809
192,0.654173642,1.011567605
193,0.987235294,1.753694617
194,0.880641151,1.7360903
195,0.881420797,1.392113946
196,0.727045097,0.854643461
197,0.744012842,0.970744815
198,0.768293026,1.079592624
199,0.678691252,0.568789374
200,0.574476782,0.532898776
201,0.79667974,0.817057758
202,0.673865291,0.805835166
203,0.571962517,0.56805854
204,0.943158908,1.328633101
205,0.579491532,0.530375546
206,0.768069031,0.954686094
207,0.79132567,1.228001095
208,0.741349586,1.241008585
209,0.78749014,1.342150608
210,0.753631425,1.364120586
211,0.624981392,0.818005838
212,0.640004151,0.769658062
213,0.580870074,0.572516872
214,0.526780224,0.535446651
215,0.519503,0.529976804
216,0.544489615,0.545623448
217,0.765656469,1.52214113
218,0.758904295,1.241828107
219,0.635022229,0.844268865
220,0.747666109,1.222934446
221,0.72392086,2.074383301
222,0.887798342,1.852347381
223,0.756610936,1.660174751
224,0.983762106,3.917748544
225,0.852348668,2.05948449
226,2.528630309,13.79416875
227,3.13428562,17.76075175
228,2.983647528,17.25242645
229,2.557168873,11.95453539
230,2.214221948,9.435541529
231,2.252625545,9.312183919
232,3.701128381,19.31282429
233,3.155921508,13.40846537
234,2.110962776,6.083380256
235,2.940537544,11.36836688
236,1.633108958,5.250448249
237,1.253630372,2.694912874
238,1.497462331,3.498097274
239,1.218695307,2.849195815
240,1.621331937,3.519936968
241,1.452333875,3.497078511
242,1.239035511,2.575589388
243,1.931790831,6.982544244
244,1.168635694,2.507370852
245,3.161156434,16.07603432
246,2.727881823,13.46888358
247,4.867574976,23.78075079
248,1.838035867,6.519988706
249,2.1680257,9.003400273
250,2.581426441,9.714541857
251,9.311733505,59.215093
252,1.318787569,3.085427357
253,1.556998853,3.639728464
254,2.57916722,10.19880404
255,3.432753241,17.93246964
256,1.794333372,7.394250472
257,2.348654009,11.18432474
258,1.963783368,6.880478814
259,1.840281164,4.648400504
260,1.783718637,4.728751446
261,1.688912075,3.969079782
262,1.554572334,3.42188756
263,1.273370594,1.823060028
264,1.519274799,3.354865819
265,1.247718674,2.735018335
266,2.182805316,7.655439742
267,1.804624957,5.582156809
268,1.573925624,3.357283995
269,1.592274191,2.615454628
270,2.506027355,6.549669119
271,3.441117619,8.448434226
272,2.907552405,5.463124325
273,2.814766092,7.034399645
274,2.159276711,5.958039653
275,7.825066053,31.53763653
276,4.180555742,12.20626879
277,3.37671808,10.42209533
278,4.503839675,19.65379685
279,7.200649488,35.79549818
280,6.052442373,28.20648545
281,3.88808796,13.75256476
282,3.994814691,13.46127035
283,5.167391887,16.97800039
284,3.902133481,9.624659235
285,3.659008937,10.18929089
286,2.226754302,4.611485172
287,3.732227784,10.07363779
288,3.41700623,9.4466582
289,5.785818863,20.38189112
290,5.261660622,16.56392919
291,6.285517162,20.22007602
292,5.845485608,16.88194728
293,5.652084544,20.76105558
294,2.953631864,5.606866629
295,4.590115499,16.0404667
296,4.640460536,18.23609804
297,3.285408619,9.291771378
298,3.199785649,7.936913934
299,3.2797307,9.163620933
300,4.22863747,13.28530654
301,2.602441276,5.335978088
302,3.241967281,8.878340902
303,4.251919958,17.66729277
304,16.63064335,99.17013422
305,12.6151697,66.90269117
306,7.575769127,38.73702179
307,5.209649783,21.46326957
308,5.977267022,19.75626775
309,3.321415807,8.773612666
310,5.20945878,20.24243845
311,4.292123957,14.42602561
312,5.72235157,19.63092379
313,4.154094434,12.33133754
314,3.639860016,9.294662583
315,4.757176846,16.06077196
316,3.845080384,13.66897881
317,2.141752605,2.972588088
318,2.327394096,6.659552567
319,2.445228788,8.326913461
320,3.914863906,17.64051463
321,7.250673679,41.50402052
322,3.995063861,15.87857347
323,3.602946048,13.44846936
324,3.033282978,12.6667157
325,4.548214686,20.87130482
326,3.905172431,13.49161735
327,1.784769502,4.495882764
328,1.963024612,4.706969679
329,2.065052017,4.123340153
330,1.792611232,3.699871515
331,1.561428226,2.640815076
332,1.294880066,2.040294907
333,1.75895994,3.754118918
334,2.151525768,3.788726107
335,1.398330133,2.04006554
336,1.237344541,1.349148927
337,1.285513142,1.429361305
338,1.487831747,2.025923147
339,1.828798263,4.654101912
340,1.674997426,4.319047008
341,2.124601602,3.943134843
342,1.862269147,3.486981223
343,2.257964915,3.829277624
344,2.154474719,3.553897624
345,2.010131667,3.500833864
346,1.623762519,2.936462775
347,2.158854468,3.492555821
348,2.099460587,3.317686824
349,3.221936091,9.405364193
350,1.390685443,1.616480401
351,5.146965377,20.09026232
352,3.192639978,9.105987941
353,4.06110916,12.73713925
354,3.418981438,8.581695832
355,3.459852317,10.03346833
356,2.561193851,4.819868175
357,2.090811892,3.622111163
358,2.59093844,5.21297756
359,2.307807267,5.566751742
360,3.399343441,10.88363964
361,3.439400496,10.58036012
362,3.351518904,13.96903659
363,2.580401512,8.374584953
364,2.003570259,2.91032352
365,2.474948879,4.929220083
366,1.934578534,3.668908066
367,2.366463717,4.199888181
368,1.981152329,4.247732042
369,2.604281887,5.700413723
370,3.373841034,9.117078371
371,3.748767079,10.31239176
372,3.603569734,9.77919316
373,2.576922119,5.501665592
374,3.229510326,7.683782559
375,2.533601093,5.179001782
376,3.963973857,10.1135109
377,2.781964787,5.148701036
378,2.463755651,4.977084593
379,2.149838141,5.318559176
380,2.842243292,6.166551457
381,2.906605049,6.749767588
382,1.998689429,3.019611772
383,1.676705616,3.795651182
384,1.649309042,3.326573043
385,1.869587327,3.798239524
386,1.941597516,4.434663778
387,1.923921481,2.741766695
388,1.443698029,1.524159853
389,1.758958824,2.941259732
390,1.695110443,2.4753926
391,2.709020618,9.256445773
392,2.730637874,6.271446399
393,2.754043432,8.614644911
394,4.362857252,12.17903165
395,2.34631047,4.386871768
396,3.760194438,8.904527341
397,1.840696536,2.306402738
398,2.590339569,4.769225342
399,2.350196297,4.393548482
400,2.740015946,6.363670498
401,3.872711624,13.03318976
402,2.325273451,4.217433915
403,2.798709444,4.96488903
404,3.882687213,7.04578735
405,5.49460569,18.03646793
406,4.928048043,16.03572891
407,3.948566545,10.64930982
408,2.65878576,6.720800637
409,2.271506057,5.158779615
410,1.870902023,2.685007608
411,1.632966335,2.758542386
412,2.157742195,3.527515407
413,2.127378447,4.116585976
414,2.415665641,6.434264643
415,1.98805318,3.389240538
416,2.445443802,7.00130931
417,2.491847976,6.721083946
418,3.480368505,6.913150407
419,2.849361149,5.075459688
420,2.737271968,4.581289752
421,2.273227446,3.375906016
422,2.347042143,3.28626927
423,1.896755855,2.757016499
424,2.328574363,3.104818433
425,3.389684534,6.800345445
426,3.308252643,6.807325782
427,5.539168003,18.40207406
428,3.979688598,16.50514059
429,3.486749508,9.398350754
430,1.994752732,3.079189444
431,2.157967138,3.542923298
432,1.961888036,3.531801989
433,1.930538967,2.707315011
434,2.234366117,3.496492152
435,4.943595248,16.63654804
436,2.520813288,6.51578969
437,2.996893379,7.55235902
438,4.127030064,10.16525974
439,7.134972872,26.5580703
440,4.320343515,12.28978831
441,13.26189056,72.49433407
442,7.218479812,19.89060754
443,8.066297588,30.5898748
444,13.00918052,47.94994943
445,10.39831925,43.80097221
446,8.346976124,33.23684447
447,11.21098063,50.64777217
448,9.332406243,46.45758903
449,11.78402647,52.28179273
450,9.832494892,51.40308347
451,5.474662773,25.13422545
452,11.43761911,59.38917964
453,8.219552973,37.11749275
454,3.466361882,9.10351912
455,4.965489354,12.99509339
456,3.905731752,7.642655172
457,4.071615274,7.925512746
458,3.659081991,7.784095752
459,2.287381147,3.159845484
460,3.067462518,4.553787032
461,2.658124848,3.078118526
462,2.093098132,2.524623933
463,2.348512909,2.392618639
464,1.697012097,1.78350492
465,2.415570973,5.095640037
466,2.141911525,3.938899088
467,2.583232629,6.150227186
468,2.699229228,6.347004569
469,2.056839284,2.997463414
470,4.195580684,14.55649168
471,2.239251363,4.107844469
472,1.925640356,2.558205037
473,2.629560738,5.209336174
474,3.02847091,8.624150805
475,3.462340347,7.654495964
476,2.831934136,5.571018219
477,3.444273563,8.849260705
478,2.600428376,5.568936811
479,3.502136994,8.60702982
480,2.613069905,6.095453954
481,2.212571475,3.721583513
482,1.576807866,2.83887611
483,2.347992405,4.481398013
484,1.772930608,2.239811171
485,1.633160376,1.997648391
486,1.735361938,2.576731856
487,1.482938576,1.676418747
488,1.614954917,1.984732495
489,2.6908982,7.223391659
490,2.942210045,8.362138258
491,3.084441044,10.77957623
492,2.308628082,4.457156328
493,2.307012232,4.147582957
494,2.396847369,4.368855859
495,2.073292468,2.688483703
496,3.382519938,6.7198703
497,3.021858586,6.38128976
498,3.768722115,7.734177813
499,3.826345884,11.1665017
500,5.496367909,17.48807837
501,3.10982722,5.468045579
502,4.800360559,12.63542125
503,3.458049026,7.023567744
504,3.18718886,5.759298984
505,3.145817758,5.869533055
506,3.368193381,7.400462364
507,2.48141463,4.37073485
508,2.198536103,3.829930794
509,1.784497284,2.96349484
510,1.901268739,3.124803552
511,1.62734776,2.354831593
512,1.663897083,2.734006128
513,2.425755209,5.075395216
514,1.883451107,2.824034794
515,1.668624473,2.267741007
516,1.54697681,1.730556824
517,1.533391191,1.801703754
518,2.427124959,6.804553607
519,2.029087188,4.354413645
520,2.128591747,5.329402063
521,1.838679605,3.05564888
522,1.524529591,2.504405792
523,3.465039126,12.45382642
524,3.928739562,15.28803984
525,2.659912266,7.459602818
526,3.716385174,11.10365989
527,3.042146772,5.477167532
528,6.033467024,23.43608545
529,6.752550105,25.29141514
530,4.431757828,10.40983481
531,4.257621192,9.464249845
532,2.634648469,4.632826375
533,2.380934283,4.903668559
534,3.121939186,8.798748311
535,4.350765976,11.78446975
536,6.072519825,20.42677812
537,6.291090225,25.15130742
538,3.583007139,7.54265587
539,4.189476456,9.489011765
540,7.523290368,22.42273609
541,4.637305143,10.27754823
542,8.727014494,34.72764076
543,13.31990637,44.36734215
544,7.13476178,20.51678295
545,9.042085052,31.86617065
546,15.76032327,68.87818299
547,48.71844059,312.5987704
548,57.80247237,347.8339949
549,7.846020084,26.85532806
550,12.63392528,49.47055785
551,28.81952665,174.8836995
552,10.34904994,49.25936857
553,15.99779777,91.7992726
554,16.82211799,85.03479251
555,15.68200713,56.30628199
556,17.51042189,78.27857728
557,11.06005288,42.50991755
558,5.795610205,17.53281234
559,6.67389627,21.67213093
560,5.833937478,14.05498835
561,6.275695709,17.72891004
562,6.461902618,17.91099218
563,4.591946906,12.23931048
564,5.950725224,19.3529799
565,4.762681636,14.04790801
566,3.993875993,10.47822912
567,7.921860303,28.82511006
568,6.632022337,17.60435134
569,4.358598974,12.78891594
570,3.881201613,6.466811213
571,4.893771779,10.05006998
572,3.509373641,6.611224535
573,3.529516917,5.745916261
574,4.94852604,10.92806644
575,13.32066819,63.90517487
576,8.397035734,30.92854309
577,13.31389672,53.46404423
578,10.58056866,42.43200834
579,11.83311871,35.88024383
580,10.50913662,31.3162713
581,5.534059337,15.54500676
582,6.454353784,28.49236152
583,4.823396466,13.52807813
584,6.194484182,13.66975934
585,4.374306016,9.689881613
586,4.037259904,9.547317931
587,3.824515468,7.064066698
588,3.202347602,5.072818729
589,3.018392083,4.328531955
590,2.916316641,4.367899655
591,3.19164907,5.045089575
592,3.060448466,3.489669229
593,3.167309691,4.183383273
594,3.844362986,9.212213064
595,3.04617659,4.16643978
596,5.905874559,22.87076476
597,3.311050448,5.972430454
598,1.88057752,2.101364124
599,3.268510278,8.059305318
600,3.024019105,5.558275765
601,4.53439382,11.95057397
602,6.618963236,21.13210861
603,5.834445487,16.5852526
604,6.457979672,22.50376427
605,4.795844561,16.87760731
606,3.779475441,12.91995231
607,3.752294524,8.168639624
608,4.670636337,11.41145453
609,4.469492183,13.47992649
610,4.659697797,12.82293805
611,5.477243574,18.42614962
612,2.96958896,6.06990711
613,4.937050618,20.80971853
614,4.330409285,19.31937735
615,3.418244249,11.85468486
616,2.808965786,5.447647916
617,2.26205956,3.351777971
618,1.987315942,2.726803101
619,1.780016765,2.386187818
620,3.018956046,9.676066472
621,3.764011221,14.89987216
622,4.694642457,17.94770975
623,3.539217285,11.13012183
624,3.948174437,12.23807372
625,3.631226073,6.604586729
626,3.762031903,7.961672273
627,4.446692587,8.599112016
628,4.480907376,8.117497252
629,5.869762248,10.81671384
630,5.667044318,11.18160531
631,5.844477398,10.52596848
632,7.871236012,25.84563942
633,5.482171949,14.02774421
634,14.3798212,78.45296526
635,4.57517258,10.62912167
636,6.615873004,23.37254136
637,6.143144147,23.11424626
638,4.824779652,15.35986959
639,4.949821409,16.16169583
640,2.669593363,5.571572027
641,2.706926393,3.139134815
642,6.207915477,13.10296208
643,5.36222964,9.853631149
644,4.891609221,8.735118626
645,6.257820299,22.77975645
646,4.387514487,9.486312661
647,3.939983251,7.887260287
648,3.0082718,4.112100764
649,2.48656847,3.807764184
650,2.535787203,3.467660288
651,2.700967568,3.973279937
652,2.326045843,3.133847515
653,2.245199471,3.359570816
654,2.260512432,3.524156473
655,2.00805097,2.797711924
656,4.561214613,12.95218178
657,5.539670798,17.59280369
658,3.907410299,9.820336259
659,3.356528826,8.798955507
660,3.729841808,8.066359195
661,2.129827897,3.069331621
662,1.8041902,2.6489572
663,1.554312676,1.854900992
664,1.676585216,1.971770559
665,3.382854147,14.30518719
666,3.786487276,16.91981313
667,3.45563413,13.73044377
668,1.790883963,2.514582958
669,2.782686753,10.23736426
670,2.0591476,6.419778057
671,1.807882301,2.622014858
672,1.944128282,3.569868177
673,1.932248577,3.298455138
674,2.05339651,2.590747392
675,2.038740725,2.432554449
676,2.71376838,5.028190699
677,2.840915593,4.504372862
678,3.713116906,8.154338813
679,2.939297248,4.396713427
680,3.631238587,8.530331065
681,4.0044916,8.493296935
682,3.79097087,6.871705464
683,3.41827358,5.751953606
684,3.12750692,5.354732877
685,3.462418014,9.999119031
686,3.968098966,12.40402174
687,4.430221268,18.51562275
688,3.484790292,10.24199827
689,2.645008409,5.404670658
690,1.976394202,3.260201807
691,2.551756977,3.677486985
692,2.884676517,3.739911976
693,3.151384739,4.525817718
694,9.566951644,39.13167747
695,5.219733809,12.01001187
696,3.79863529,7.76336992
697,4.980278572,15.77426131
698,12.35305988,69.22131181
699,6.195924604,18.6676362
700,11.59465535,40.77800523
701,11.38508095,45.23586355
702,8.658812515,26.54866032
703,6.103010168,16.70552551
704,4.938095857,12.28779194
705,10.27397552,43.17275167
706,10.10531142,37.30572871
707,8.884461562,32.65368652
708,14.47045767,60.64096174
709,20.33258763,75.70234728
710,39.59976755,184.7849122
711,20.44009461,66.42354341
712,17.96226038,57.66294737
713,19.55426155,66.77463604
714,17.62316758,71.07428084
715,14.68077739,55.46654592
716,14.37028055,63.10060014
717,16.00510891,78.74365468
718,8.1776925,29.48420498
719,6.825211424,25.76716178
720,12.22193324,62.46704214
721,28.67727663,178.8919711
722,12.8441579,68.31702993
723,11.54157647,64.7165122
724,6.045471921,24.89796006
725,4.889076465,14.44356332
726,3.73278448,7.780840124
727,6.949414735,27.43808462
728,6.729263401,27.90269383
729,6.111911951,25.94219578
730,4.70988353,19.65023523
731,4.937826038,17.45813791
732,5.045212647,12.16997361
733,5.500166897,12.90621881
734,7.73924277,24.70427649
735,5.48468876,12.72581797
736,7.11406495,24.32412831
737,8.375982556,30.82643498
738,5.737218787,15.64003147
739,6.678767195,18.3711067
740,10.49123428,37.90320972
741,34.59456536,176.3563278
742,16.88079925,80.64533009
743,29.7663302,176.1009699
744,38.0276887,219.9183953
745,33.73955378,181.9078718
746,26.64569792,97.60906223
747,18.7830392,64.68879267
748,15.35680764,47.50263984
749,18.8426497,62.3768721
750,12.92525681,37.398528
751,13.3202732,40.00467867
752,15.02039161,51.61109558
753,15.48896161,39.34441544
754,20.78988662,61.85368844
755,18.47418842,62.85340187
756,17.47650683,56.87438766
757,57.14371192,271.1678844
758,59.19102108,273.0041378
759,51.55138428,229.9785721
760,23.14765024,84.21549656
761,12.44630167,38.76944732
762,18.30119722,64.22690444
763,13.31425219,40.22786241
764,20.18423445,108.0347043
765,32.54812109,153.6715663
766,10.28715479,38.29625005
767,24.66362255,131.9984837
768,31.80554827,184.8399979
769,32.51746789,184.8605738
770,17.94535873,93.15629595
771,29.17599856,138.1978265
772,22.75264831,112.9620601
773,20.9156344,113.6504703
774,10.4847082,40.74336696
775,5.044768843,12.644026
776,4.770373233,12.74957648
777,5.639417971,19.81460544
778,16.22642547,92.58498541
779,8.825992088,40.40113906
780,12.85955665,68.25882376
781,10.73657863,47.42243553
782,7.898904724,24.6731488
783,5.757082603,17.57482141
784,5.926827595,14.54133138
785,4.401499413,8.46156292
786,4.994437909,14.35812989
787,5.208763378,14.18389387
788,3.988388129,10.41236685
789,4.61978366,15.27773153
790,3.28766564,6.138482887
791,2.877041594,4.557385954
792,2.879324563,6.413353663
793,3.729029169,11.22088415
794,4.482194534,9.521156967
795,7.485529103,21.75177995
796,5.39591129,17.16500216
797,4.679262011,16.03886634
798,5.312831039,12.65660167
799,15.68444727,56.12042544
800,5.44292763,16.06704172
801,5.327088659,16.36767089
802,6.13106896,22.9590235
803,7.04954564,19.76638882
804,6.52032229,19.04815855
805,9.603414183,29.27493178
806,7.828444668,25.10640394
807,6.55813792,21.66246494
808,6.184029348,17.63051327
809,5.239917902,12.30259197
810,7.826590995,22.71653667
811,7.763385448,24.36238623
812,6.342756262,17.92596962
813,5.258760971,13.81092476
814,5.720662095,13.22050728
815,6.189182726,12.66041175
816,6.182794679,11.81253957
817,5.744365432,12.72259283
818,11.13832846,44.66700867
819,12.68083714,53.28797475
820,12.09499529,36.26780032
821,9.00637943,27.8230211
822,8.095834652,20.74181566
823,9.535061005,26.33122606
824,8.716337061,22.26212953
825,5.420049479,12.719983
826,5.184745723,10.62209749
827,10.03726703,30.80919512
828,8.105475738,31.50100332
829,6.919355752,21.70767732
830,8.141545395,21.22884669
831,10.79295826,24.10192993
832,12.40498666,26.32295631
833,26.67636079,101.515041
834,14.51097389,41.47565467
835,12.91437821,43.16020215
836,33.99304392,180.067157
837,19.61189343,67.72818848
838,14.85716962,54.65380569
839,16.91473136,56.13781726
840,16.49456467,60.90418103
841,20.16531047,74.66956024
842,22.11310102,86.11958185
843,28.40576465,129.9269042
844,11.69800114,28.27513717
845,15.16407131,42.78966405
846,9.133073835,23.17611671
847,7.890389672,17.36016065
848,14.11622966,44.2838714
849,13.36122724,34.90997961
850,10.12661917,28.38458447
851,12.57706666,42.58547454
852,29.41563703,149.9185523
853,14.82510086,43.41955769
854,18.9096767,52.93148266
855,13.50723378,37.22258374
856,30.6059139,136.1521176
857,60.66161231,292.0622088
858,65.49008024,326.2035327
859,30.62339454,142.6176798
860,22.94460212,113.2345443
861,38.17895808,172.6364646
862,34.98746463,153.0624155
863,28.41667557,122.9507604
864,11.16427442,36.62305452
865,11.68089963,34.98808562
866,15.58406381,48.84710654
867,16.35692629,44.67154161
868,39.87786659,147.5271608
869,29.23452199,91.86181232
870,15.74519122,43.61409117
871,17.00013232,47.67547061
872,11.62035021,29.93621301
873,9.321721709,26.35680098
874,8.040403119,18.06920167
875,8.535104592,22.72628304
876,16.99593714,75.40023531
877,19.02477274,78.29181676
878,11.11746023,44.92639404
879,9.767658367,37.37070308
880,8.309363123,23.26640968
881,6.363695416,21.1280128
882,5.151001095,10.72905511
883,4.448524603,9.329186402
884,7.292140023,18.0813286
885,18.67335293,71.25959956
886,11.28361574,35.75050196
887,12.90570554,41.8817854
888,10.95871852,33.62785749
889,6.37924574,13.14652147
890,8.063293301,23.03945567
891,10.54104628,29.66816245
892,20.88462521,99.72731445
893,9.975538567,45.95547077
894,9.786934809,44.20177769
895,9.383642448,33.06125099
896,24.6201165,137.2772526
897,9.481580698,31.70126503
898,7.557852385,26.7827436
899,5.785249158,22.39570518
900,9.122703155,36.53575747
901,6.325524627,14.41295168
902,10.02240459,33.85847896
903,7.044270581,16.72329479
904,16.77411214,61.51893036
905,19.82036727,72.92824787
906,27.96791097,118.2154463
907,12.30940391,39.46245049
908,32.05825717,136.7351857
909,22.75630864,80.8535812
910,22.40486133,74.25431238
911,15.67091644,53.74161462
912,13.56853847,48.37509891
913,7.203426895,24.13459333
914,5.595736239,14.26080763
915,6.90907871,14.04363847
916,9.203030328,25.17956109
917,9.196358598,18.61882067
918,9.119313186,21.85040795
919,9.847725732,20.07994714
920,18.23261271,68.96771503
921,13.92031288,48.62411714
922,8.066079041,18.5181375
923,14.79235062,50.48819711
924,9.964514519,25.35575976
925,11.78718886,34.98238568
926,15.9253288,48.78220191
927,12.60917899,33.05611609
928,19.13446069,80.38387784
929,23.50685921,117.0606052
930,14.99688321,74.84874499
931,13.68090402,66.33961393
932,7.201787675,17.41359133
933,8.140932837,20.01283331
934,6.982877863,17.21966744
935,6.213693305,20.41747467
936,9.066435834,33.66409572
937,8.714285533,33.73553372
938,4.744874561,11.01788894
939,5.974575284,16.09582929
940,4.680837069,9.276801515
941,5.418991294,10.17996548
942,5.154941315,11.4118678
943,6.674115634,28.91634299
944,8.398417735,34.96303751
945,6.050854747,13.85954504
946,10.51469673,39.26374779
947,13.88435145,48.49078344
948,16.73557684,71.866456
949,8.152348819,25.37138077
950,6.94940725,18.24007969
951,6.642274293,17.00942363
952,9.368889729,40.19838854
953,11.99848381,65.94711333
954,7.803531379,24.13042291
955,15.51218971,76.28668201
956,15.26953894,74.37484567
957,8.115871891,29.94185915
958,7.647340158,21.30348908
959,6.396829009,18.45490388
960,7.380229316,21.92763633
961,6.346654823,11.78667016
962,6.706135414,21.95602242
963,7.363682068,17.70462439
964,4.622628986,7.365140976
965,6.602263464,17.95338255
966,10.10869065,32.37319242
967,5.362799597,11.91145303
968,17.01535096,74.56444653
969,20.72416633,102.6747187
970,15.19414297,70.52351696
971,18.27052501,71.67802158
972,12.60554941,51.66339176
973,17.92730753,70.81639877
974,22.8561812,101.542722
975,6.222135288,14.6919373
976,7.628694558,20.60976794
977,7.294854123,18.44656858
978,7.42972065,18.58851911
979,7.600858425,18.05352871
980,6.949626692,18.79444271
981,13.24946749,58.77553465
982,10.77112186,35.54767865
983,8.424029444,23.75742665
984,11.30891783,33.37597957
985,22.30158473,101.2053795
986,30.88921955,133.9723881
987,23.81899781,83.56383827
988,23.27524878,82.35070237
989,23.38163234,77.91168218
990,42.61655915,180.8731422
991,29.37036067,94.23491636
992,22.23523994,60.03122012
993,92.92785063,506.4255289
994,116.3908844,594.4255402
995,68.64570468,244.0164484
996,49.45040862,197.5255899
997,47.97311565,129.5693158
998,62.41172865,177.7836413
999,54.50023859,201.1178475
1000,80.51608571,338.2545154
1001,36.84608917,120.4752244
1002,40.37867353,109.0076033
1003,33.48921857,82.77231665
1004,36.80157091,123.5331627
1005,35.67657224,140.3569259
1006,24.43815813,86.79958736
1007,25.55553395,86.08982474
1008,33.89516865,144.5444312
1009,45.52326676,213.6151801
1010,34.98349705,154.1341698
1011,25.17958035,93.20720627
1012,36.32992849,137.6852219
1013,19.32793775,55.59529199
1014,22.07544831,80.67160456
1015,10.41542461,28.64927642
1016,24.04555112,116.2138851
1017,26.07666413,98.24932298
1018,22.29642418,81.53540297
1019,20.39415652,66.88278866
1020,16.40860206,52.27376691
1021,9.531856779,26.13603437
1022,8.199584552,17.10959035
1023,7.238213373,15.85833407
1024,8.016224956,16.9405031
1025,12.13441867,45.5425719
1026,6.913325933,15.65430934
1027,4.519320067,8.664170188
1028,5.069077498,11.05112283
1029,7.007137074,16.99758319
1030,5.801576476,14.66354121
1031,7.42964672,19.27985833
1032,5.528254011,15.37765292
1033,7.685901656,30.42777862
1034,13.01892242,64.90240758
1035,5.692376113,20.0069956
1036,2.88035561,4.53460717
1037,7.789338756,29.60667588
1038,18.83224346,75.78575007
1039,11.93737566,51.69426361
1040,13.01541497,59.618307
1041,11.37590415,49.43359346
1042,12.51871028,47.67355251
1043,8.407097628,29.98418548
1044,28.75249524,156.0558041
1045,13.80913152,52.40504417
1046,11.52063125,30.71696607
1047,9.543144923,24.10445125
1048,8.486188188,19.80403583
1049,4.695800942,9.348145278
1050,6.166084128,13.36284649
1051,9.353640484,40.53649586
1052,10.99887397,42.19736562
1053,12.18954942,57.10498935
1054,11.48227114,50.52530421
1055,9.028070572,30.40518294
1056,7.69406645,16.62095238
1057,17.24062038,47.03349295
1058,27.01304272,123.0667832
1059,26.15065908,114.8971772
1060,20.06871339,87.69818667
1061,24.76139761,76.24313797
1062,18.16628686,55.63638545
1063,12.01234945,32.05905672
1064,17.56905276,55.90537636
1065,25.19701835,74.31553525
1066,24.35638033,74.59744499
1067,24.39269282,69.84952195
1068,22.76601228,66.91679792
1069,12.38540588,24.98091207
1070,14.68076175,44.45164891
1071,15.52176206,44.30984311
1072,16.37553078,41.555163
1073,12.795209,30.47820796
1074,13.61716824,35.60465293
1075,14.5091253,39.94267437
1076,19.85296334,54.49460608
1077,26.20021735,98.78919508
1078,46.38613877,241.8962008
1079,18.59603614,56.37124291
1080,12.26894966,36.8546961
1081,19.40198042,71.74614305
1082,20.13473892,107.559168
1083,18.07910433,78.31377077
1084,43.77521818,242.1541344
1085,38.72471263,214.4150004
1086,26.44646795,145.210994
1087,16.75197895,77.94557862
1088,9.84848416,34.36435795
1089,6.12072868,12.45961653
1090,19.67735716,101.3987844
1091,14.80902622,60.13318384
1092,10.79063615,29.85364003
1093,13.13055193,40.77003924
1094,10.88593448,36.42362554
1095,20.23371581,103.3792743
1096,20.65051148,85.77763203
1097,16.61149805,72.89980452
1098,10.70083432,38.36958482
1099,9.563168467,30.29781998
1100,9.311443986,26.1689279
1101,10.72896792,37.37948015
1102,7.864365715,25.03270751
1103,7.592422482,29.67980851
1104,6.368133794,16.01318022
1105,4.71755432,9.312188889
1106,6.898024945,15.03094668
1107,7.48523197,17.38072599
1108,6.893159052,15.01214975
1109,8.255243397,19.99243806
1110,8.087533088,24.29531525
1111,11.88811357,40.00037554
1112,7.927768467,20.77514166
1113,7.485384417,24.06930276
1114,6.07166014,13.92324496
1115,6.566028811,15.88388385
1116,5.356156968,10.85024889
1117,9.635255718,45.16723115
1118,8.89397439,46.58927282
1119,11.04492369,46.1468562
1120,7.59954915,22.12422799
1121,11.76525603,38.87028342
1122,9.294195242,25.76153022
1123,8.874166763,24.63955071
1124,6.882152821,21.06380298
1125,8.020660517,19.6629459
1126,6.969340044,16.14760596
1127,5.871607342,14.57236818
1128,5.989907494,17.26971832
1129,4.273212204,10.84211699
1130,5.627485992,16.21796482
1131,5.400845306,13.07100684
1132,10.11048807,32.80517473
1133,13.66996859,42.5021828
1134,9.879827767,26.53372534
1135,11.27442387,38.12195829
1136,15.9122744,35.57977475
1137,11.72531008,31.630677
1138,13.92626093,38.14134431
1139,9.808199008,24.77513422
1140,9.732431448,21.67104939
1141,15.74631908,56.7961747
1142,11.57418167,27.47884286
1143,19.36954757,58.6594786
1144,28.63904663,111.5275053
1145,11.4645044,25.94189955
1146,24.31473798,61.38298657
1147,17.97674637,43.77308101
1148,13.52408321,28.48007259
1149,26.82669001,95.18374804
1150,20.57929347,57.12348731
1151,15.42207255,33.9082168
1152,18.3591526,58.48298304
1153,22.88291035,72.13320589
1154,24.22254131,62.39440859
1155,16.39924231,41.69739071
1156,22.15633906,66.15662207
1157,33.18941518,125.1931649
1158,15.06455006,38.22590141
1159,12.96343303,38.0295456
1160,16.76423609,72.78947309
1161,10.9465279,25.95035908
1162,14.46058451,43.32182484
1163,15.71249623,36.34931707
1164,11.2964626,24.20132359
1165,8.07817726,14.73090353
1166,6.155152148,11.24599652
1167,6.963400694,14.05710469
1168,10.55839199,31.25393923
1169,13.43233638,37.02847831
1170,19.68411025,55.44300524
1171,12.06916625,28.93021315
1172,9.187350235,20.04775408
1173,5.830511606,12.99514707
1174,37.59694739,200.4234817
1175,16.15786487,58.35191328
1176,12.54499364,43.75706632
1177,10.21321288,32.92861082
1178,9.856505746,27.13435502
1179,11.61587545,30.84405682
1180,11.31904234,31.12686993
1181,24.81257386,100.482766
1182,18.98423878,47.65318601
1183,20.11833036,62.41168998
1184,13.46749754,39.20335772
1185,22.64783493,68.41571926
1186,15.48224966,56.25145359
1187,11.24750212,31.05831897
1188,12.53785242,41.60774352
1189,9.208436885,19.27710188
1190,11.55020252,25.82297604
1191,10.91172848,20.31752917
1192,9.917460941,22.55511206
1193,13.62036225,41.20725233
1194,12.22704838,37.36701249
1195,9.848016584,32.56856435
1196,10.372177,30.0101024
1197,20.26108775,67.33516404
1198,18.41067529,55.63254913
1199,12.40794234,31.74542359
1200,9.75553883,25.38409123
1201,9.954413557,26.26727381
1202,7.183717245,14.44784669
1203,8.371815292,21.36515677
1204,5.833033737,13.90471532
1205,7.531803617,19.35530605
1206,7.60056295,19.51834541
1207,47.86823701,251.1902189
1208,62.32878857,263.2430485
1209,49.68718297,214.5784899
1210,23.52948194,90.72648937
1211,18.50493284,67.70630927
1212,13.21080448,38.55094811
1213,11.63496095,30.80057844
1214,9.456189257,24.21048706
1215,5.657639058,11.41480953
1216,5.025826136,10.68781745
1217,6.235710411,14.22547986
1218,5.225879794,14.53553804
1219,4.130409695,8.946630653
1220,6.517790722,23.6657984
1221,3.831127541,9.244238408
1222,6.449550087,17.74060529
1223,7.86354579,20.1931066
1224,11.64910394,38.56017567
1225,9.050050297,31.30555733
1226,10.91347017,31.45885111
1227,14.5279852,50.98927954
1228,8.074064379,23.95852381
1229,14.34411368,50.14230478
1230,11.08037979,38.92630323
1231,9.776814231,31.17468414
1232,18.58593417,77.4194242
1233,32.99648812,168.0124075
1234,13.24602413,38.52906124
1235,13.42815988,50.11819672
1236,13.66900281,54.10273949
1237,10.17497336,36.5367456
1238,8.013529965,21.80626494
1239,7.490644173,18.21398006
1240,8.893480378,22.61749373
1241,12.36479302,44.36194874
1242,15.58132804,64.01483652
1243,29.14590813,119.2256704
1244,12.40344519,33.17595342
1245,10.83707675,26.71686505
1246,9.127423589,24.91652604
1247,12.02013327,34.95528173
1248,11.65337899,26.49812943
1249,7.371646937,13.59182054
1250,8.796683805,20.57740943
1251,11.5108517,41.60431205
1252,9.856350416,30.51002311
1253,11.56838758,36.43208574
1254,14.38125579,39.8096585
1255,15.48259246,42.4324796
1256,12.84739892,24.15005867
1257,20.74807636,62.80686056
1258,27.3153134,81.06461238
1259,32.39043777,140.0507261
1260,33.5669788,152.2324044
1261,23.57148938,91.05178475
1262,18.69523461,66.09202953
1263,26.16278664,76.18933774
1264,37.31425616,135.2645517
1265,21.5904611,59.78012185
1266,35.5966924,128.9598808
1267,29.08035595,79.17238408
1268,18.14674462,49.13130109
1269,21.8925555,66.51474851
1270,20.80014763,57.56695426
1271,18.3288064,48.79072073
1272,20.67716913,78.85989574
1273,12.46261242,43.46442268
1274,18.87791305,56.06873288
1275,27.30351018,87.1329508
1276,34.90942853,141.6053664
1277,27.74638795,92.93306763
1278,22.41604259,62.77579977
1279,26.12386841,75.18179468
1280,16.45716136,43.0768178
1281,20.43161024,59.07432199
1282,13.40037951,34.73529813
1283,63.94680071,273.8441704
1284,48.5970515,218.8960442
1285,39.53330226,148.7057685
1286,34.92965875,144.9948494
1287,43.58137532,166.0089695
1288,32.65496092,145.2961492
1289,34.81438043,131.0384547
1290,30.52591592,119.0488187
1291,35.95856034,135.8288236
1292,28.20374829,83.91298545
1293,23.13441332,64.83536394
1294,22.14307899,51.7375769
1295,20.86192482,59.9703387
1296,22.66307959,72.88043595
1297,19.3328309,58.59406938
1298,27.38204248,125.1625504
1299,23.24076162,69.66999179
1300,12.76249606,36.2026477
1301,14.4140387,48.1538813
1302,9.696828572,27.73936024
1303,14.99363862,49.45361477
1304,9.53910991,26.42934099
1305,6.529815427,17.53990532
1306,16.03801955,66.43629841
1307,10.03692853,25.09762299
1308,11.45995986,31.81495264
1309,23.95607726,81.90712608
1310,16.97029612,42.91954112
1311,19.98094192,49.42756537
1312,21.95355429,60.68247902
1313,28.19959745,76.82556184
1314,42.3326016,203.4930103
1315,28.11666753,75.07889643
1316,24.30157025,80.60569566
1317,26.07191517,78.01337663
1318,23.31372338,64.74200788
1319,27.06066488,79.94560458
1320,18.76537377,44.66161684
1321,18.46946803,54.12876392
1322,17.56886198,39.38518995
1323,23.68914954,86.86020228
1324,13.72103108,35.49160627
1325,20.21671299,72.86328599
1326,21.10993027,91.05051122
1327,19.2420847,69.11064976
1328,29.6191716,125.6630502
1329,71.87831836,436.6859061
1330,33.24466507,143.6999806
1331,29.74240764,141.3549619
1332,47.21359036,180.8982128
1333,37.29920225,138.6475016
1334,82.43602413,382.8713652
1335,83.98316876,411.6095413
1336,46.86398641,152.5354897
1337,42.08652015,135.6173691
1338,44.12542818,173.4360333
1339,34.11858906,138.3997482
1340,35.08055165,167.817101
1341,38.65668662,193.8931375
1342,53.20670237,266.0962825
1343,86.66951214,345.93233
1344,37.64257463,151.8727363
1345,42.33236213,183.5222047
1346,97.56152685,568.2626406
1347,81.52551916,457.6407257
1348,60.19921393,342.3589488
1349,34.00938389,150.1498341
1350,21.88864921,91.09365171
1351,26.58747032,78.62770796
1352,23.84535319,75.8113017
1353,31.59920365,106.6775614
1354,29.62017839,124.0885023
1355,24.02527802,83.94687232
1356,79.98077274,372.8776936
1357,28.39586553,123.9643206
1358,24.84954391,85.52955848
1359,19.31256283,51.92135914
1360,13.10245737,41.17315812
1361,20.32028845,85.57979213
1362,25.95615681,90.46176462
1363,42.5420136,148.3844094
1364,100.6915904,328.0014005
1365,49.51627078,178.9680591
1366,125.2583007,636.1333316
1367,62.01744957,247.5969246
1368,25.85076068,89.2234678
1369,20.09317,49.93585704
1370,23.82282134,82.57467142
1371,9.956769643,21.64208042
1372,21.82300789,63.38068155
1373,22.40806377,62.87380262
1374,55.47371158,253.2159907
1375,29.1130553,94.50086187
1376,45.62686156,176.3054067
1377,80.45797653,249.3258122
1378,106.2553402,523.9057407
1379,66.16140841,199.7862158
1380,91.59205787,287.5844828
1381,101.0186169,398.6545818
1382,54.58376262,174.092488
1383,49.95200633,143.5331663
1384,43.33637804,109.3989412
1385,46.2722571,122.4793456
1386,45.73453803,120.6426761
1387,83.74634383,318.8838173
1388,84.19731432,299.3016543
1389,67.78000363,218.3948869
1390,60.19092047,177.985343
1391,56.09877612,169.7241086
1392,29.72502475,89.76226919
1393,37.03047646,140.3259278
1394,34.64986985,122.0395485
1395,33.84846066,130.3052004
1396,20.29579717,69.24822631
1397,28.45476332,123.9264082
1398,22.16340428,79.5991781
1399,75.71551036,422.764477
1400,135.664974,813.6764963
1401,37.35922333,130.8674933
1402,16.95814282,37.68248829
1403,12.88003657,35.96335571
1404,20.6002134,68.31343343
1405,16.09675814,44.82839595
1406,14.08283722,41.34122655
1407,17.92166579,65.58733383
1408,53.91388805,313.3717937
1409,83.80953751,509.5633524
1410,58.59775709,332.1226838
1411,29.77864828,148.3204292
1412,25.8424635,112.1382598
1413,18.04566193,76.65299942
1414,9.501006913,37.12479403
1415,7.603930795,24.3030138
1416,6.300804004,13.10692102
1417,5.968110512,13.81265013
1418,5.197488044,10.87171705
1419,4.166178971,9.761587951
1420,7.105206211,19.88094182
1421,7.643878266,20.3738348
1422,12.28047302,38.92261627
1423,15.02232575,60.72208074
1424,13.03946096,51.41669403
1425,26.42587304,122.7689195
1426,16.46810116,69.92516141
1427,9.337288508,49.37351964
1428,5.099179634,15.60895308
1429,8.031770231,30.97952452
1430,4.880813075,14.17259998
1431,4.504668199,12.20816146
1432,5.635747534,20.97985683
1433,4.209599244,11.75082164
1434,4.810124992,10.50583568
1435,5.229279907,11.99730674
1436,7.451551549,20.35864171
1437,7.53222205,26.59580974
1438,8.214335022,21.47239838
1439,4.716765828,8.732455849
1440,9.401986505,27.1615016
1441,11.0085864,31.85905172
1442,14.3085113,39.93351897
1443,10.75707823,28.02270879
1444,14.62850412,42.9519593
1445,22.16085878,50.30625433
1446,23.5156981,58.49035286
1447,26.20687749,57.40341131
1448,21.65126125,52.74342
1449,22.44776565,46.55811159
1450,16.78449941,36.48863966
1451,12.88195555,25.23866382
1452,17.44322834,65.19352106
1453,17.24704169,58.81237029
1454,32.52703144,144.2226154
1455,31.96137075,98.0893235
1456,27.12790021,64.68430397
1457,56.77284531,250.2318106
1458,28.33134263,75.08185725
1459,40.88277637,122.850776
1460,30.2665831,92.10882069
1461,41.20213026,169.6506008
1462,54.57344922,266.5796373
1463,60.83232549,235.9647228
1464,73.37691699,295.4756938
1465,64.36889809,321.9064698
1466,39.39649724,160.705217
1467,32.7131257,93.95530505
1468,38.00710214,127.0377277
1469,30.20958846,101.9503344
1470,29.25201083,94.03577115
1471,39.66946232,150.5064023
1472,38.97161259,140.4635237
1473,16.82978619,32.18711453
1474,25.05206946,75.05267664
1475,17.59046227,41.27668911
1476,13.05111188,34.38050621
1477,16.82444436,44.17792403
1478,18.75846851,43.13604699
1479,16.86564493,49.3477023
1480,22.98161617,88.94312229
1481,26.42401186,105.8741489
1482,18.34805974,62.83275153
1483,17.09603872,65.19519557
1484,11.07723952,30.15390274
1485,8.918156213,19.62292166
1486,7.416473424,17.76426882
1487,10.27463727,28.67433831
1488,7.653267539,23.50491475
1489,5.35106051,12.09850739
1490,6.2949135,14.70219053
1491,5.86000199,12.16247771
1492,4.951299637,10.35148388
1493,6.081255481,15.05063771
1494,6.879810241,23.69039499
1495,15.77363687,65.58348629
1496,11.69696393,45.97534489
1497,7.250054959,28.16082149
1498,5.837588633,17.81392076
1499,8.405929428,27.10322314
1500,14.65718592,52.95376344
1501,22.05529205,80.25997285
1502,20.67290586,70.79832992
1503,63.26047179,296.6709091
1504,21.27126198,67.8540347
1505,22.74983139,72.98032981
1506,20.66254619,62.36439141
1507,15.36517112,54.84981776
1508,12.83538853,36.03321513
1509,14.04679118,46.25077255
1510,13.97359536,34.78619537
1511,37.24435525,159.9551877
1512,63.68964927,226.2903872
1513,21.23577146,70.90437304
1514,23.81137593,69.31717505
1515,16.38618211,51.67391804
1516,13.55379549,41.25221482
1517,11.60642638,34.51620041
1518,13.78533914,46.2179621
1519,11.07482703,37.92688306
1520,15.98369593,76.27248119
1521,21.32357807,100.9740141
1522,24.38724632,100.7037779
1523,24.77839586,92.36976111
1524,21.64995652,75.67059702
1525,25.38712496,84.50420644
1526,39.65049865,196.7720528
1527,57.64474884,242.4535998
1528,70.68446931,446.2227052
1529,70.22777715,443.0242701
1530,45.57749336,211.127613
1531,29.62139613,144.4012152
1532,45.12786789,245.7364818
1533,32.54375073,124.6311633
1534,42.72262389,142.4544359
1535,29.68172457,92.85155729
1536,46.51377149,149.4743578
1537,30.69641279,104.1321032
1538,61.51132495,238.8269885
1539,45.37601152,150.4289599
1540,32.40134218,103.9545902
1541,32.28792727,90.61605955
1542,35.32688219,103.4288512
1543,38.81060565,113.8386684
1544,53.63516832,194.4045266
1545,54.40614789,210.7099384
1546,39.62500039,161.9790103
1547,45.18480359,216.0083367
1548,44.41032953,190.8890191
1549,36.88487265,140.0776432
1550,46.48455656,154.7936093
1551,40.90771839,109.3475831
1552,22.37703911,58.37164251
1553,22.05578906,55.05281735
1554,19.22083223,49.50020308
1555,20.09095728,56.15238377
1556,24.22802513,62.91323021
1557,14.64982075,38.05799696
1558,15.00053452,40.87585162
1559,11.22487415,25.95557608
1560,20.49007202,59.99985297
1561,53.46211238,298.2051018
1562,44.37417531,229.4797478
1563,31.16443552,137.1774643
1564,37.47742567,152.6833611
1565,31.41948741,133.8796837
1566,22.49079941,75.02388608
1567,16.28852951,48.15406907
1568,9.857579653,29.47203775
1569,10.27514881,24.9462398
1570,7.860678564,15.61222851
1571,12.60670147,35.32052737
1572,27.27275607,133.4907968
1573,7.705156602,15.60598571
1574,41.3563467,222.8351967
1575,23.20842858,74.86150395
1576,24.31180687,64.24916685
1577,16.05452033,43.88461086
1578,21.74460526,65.52324836
1579,16.21111275,51.93685838
1580,14.35941811,46.8819683
1581,19.11795068,52.56930429
1582,18.03450361,63.07198665
1583,12.00122311,34.60207342
1584,21.8511281,72.80191726
1585,21.37856188,69.68191117
1586,18.89037681,57.21320231
1587,19.30634958,51.63692409
1588,54.17619397,277.988344
1589,15.99641943,43.72156304
1590,49.51084626,216.5557429
1591,26.50345113,85.24121036
1592,31.49080793,129.0364001
1593,49.9373885,191.4581643
1594,45.195613,191.6360785
1595,54.62832718,215.932787
1596,47.08648504,148.9941718
1597,30.40298005,92.98859068
1598,30.30239294,115.3582315
1599,34.9826203,119.7614464
1600,49.62842498,157.0666143
1601,44.6645429,136.4816532
1602,37.46094594,110.3391886
1603,32.72950384,85.45463824
1604,30.34202423,80.69424835
1605,31.514256,99.46539418
1606,18.5345417,63.34109656
1607,16.35804053,56.01448227
1608,18.15774573,63.470002
1609,23.5725799,82.29299504
1610,21.29678631,64.78996711
1611,13.10693771,38.26539928
1612,8.476504147,18.37124397
1613,7.399734494,15.03299849
1614,16.19201567,48.12904004
1615,55.46762707,326.5802914
1616,37.37996818,202.1308116
1617,34.20790007,157.2472317
1618,23.90683315,102.8483805
1619,17.24785982,63.36036279
1620,16.20584914,54.11042652
1621,15.73535828,42.25260733
1622,11.93251673,33.05866941
1623,33.21394198,185.7670728
1624,28.45728479,160.1804749
1625,7.552064033,21.83706608
1626,7.310908234,28.25721854
1627,14.46691793,56.46661566
1628,10.13041149,34.41548477
1629,8.513406407,26.07651775
1630,9.663814887,33.67886147
1631,11.48524497,26.81298479
1632,12.97796399,36.55371544
1633,15.63901801,42.27018737
1634,13.32777452,42.29316438
1635,27.64813473,108.9515803
1636,28.26723616,80.83453896
1637,28.01437947,98.96713237
1638,31.41989179,87.4659642
1639,31.67248416,121.710632
1640,20.48077501,73.85653185
1641,14.20402329,47.05647437
1642,15.12901109,39.48347392
1643,9.845714763,25.20597048
1644,9.444341541,25.68510005
1645,9.80944436,32.45345579
1646,14.74562752,39.26246368
1647,20.26081762,90.59887003
1648,15.78320586,49.75851195
1649,23.47858545,96.51952566
1650,26.86385644,114.6167304
1651,26.10857233,106.4576365
1652,26.25843319,115.6720155
1653,40.04087848,149.9301752
1654,27.78694287,130.6570218
1655,22.97181029,105.0462099
1656,13.14135328,37.51484721
1657,15.90855855,53.98507401
1658,5.858978661,13.30352938
1659,6.250305978,12.34886816
1660,10.50613682,48.74864608
1661,9.063799511,31.6086767
1662,11.26315839,38.91267469
1663,6.460379207,20.29271226
1664,5.874533162,14.0750674
1665,15.30728475,75.30440411
1666,23.24598117,115.3528935
1667,14.97859092,76.8515045
1668,10.9533691,42.91919902
1669,12.55878094,38.62663067
1670,36.82894357,207.2988528
1671,8.161393401,26.76198372
1672,6.802503965,20.56264641
1673,3.897672319,8.360134686
1674,14.11816197,77.01337008
1675,11.22553955,57.24732231
1676,24.23054592,153.4158152
1677,12.03981399,61.08362394
1678,21.1392525,131.6346623
1679,25.11988604,160.9194645
1680,16.77049312,103.9729331
1681,45.57932876,302.4587125
1682,52.14665801,346.3319127
1683,5.168620615,16.71603197
1684,11.55056959,62.77941227
1685,8.476384471,42.71644093
1686,8.134593591,37.41149727
1687,6.346130977,26.55268821
1688,11.3727237,47.60618842
1689,13.35578178,55.55930413
1690,13.56676787,57.92504063
1691,15.94150397,63.46548622
1692,32.32098399,195.79829
1693,40.72615811,259.8642766
1694,137.653115,921.6081192
1695,116.4680226,755.1847343
1696,97.32084737,620.3305911
1697,52.88921097,314.2500731
1698,46.87846873,258.6793419
1699,34.32198601,145.7802523
1700,34.04677016,143.9833725
1701,47.05974248,215.5127051
1702,35.77250686,144.1250724
1703,26.74642055,116.438159
1704,32.57609094,118.4810759
1705,40.36968719,136.1850673
1706,30.93827559,110.4050147
1707,30.45626237,100.3332804
1708,23.72675237,74.80251191
1709,25.3675351,74.1453108
1710,31.93778722,88.35862483
1711,37.55993012,120.5177279
1712,32.7740287,86.09690454
1713,16.91979638,45.23092129
1714,25.3772951,81.98733544
1715,29.84729168,74.40985305
1716,25.88461681,71.08239894
1717,28.91778569,91.7486488
1718,36.03058748,104.3677651
1719,63.81380851,258.6962786
1720,67.95244202,288.2902301
1721,47.59181109,172.607875
1722,82.73993399,440.2569774
1723,40.6820801,112.0854984
1724,48.64727791,114.8740416
1725,46.38627631,130.6520603
1726,46.52353423,151.4226109
1727,27.99647328,70.83582845
1728,43.58919443,121.7445164
1729,35.74045565,91.21891613
1730,30.78922828,80.33342866
1731,27.45358327,71.03252416
1732,17.21442901,45.3995029
1733,23.10590694,72.26356375
1734,25.54494036,86.17438286
1735,16.71133687,50.20840618
1736,11.97654037,41.37725683
1737,12.43351944,37.87144486
1738,11.29519391,34.53607266
1739,7.648544732,21.90342904
1740,8.746807358,30.90556364
1741,7.536443052,20.58809138
1742,9.596342147,30.69346274
1743,10.4429596,28.98959956
1744,44.92538298,181.3079851
1745,29.6129124,153.6090959
1746,18.45950017,67.76913926
1747,25.61896713,102.8075756
1748,12.90772182,43.34786161
1749,15.47696577,63.73154219
1750,27.50827039,122.8083587
1751,17.23805243,61.96857172
1752,31.10025162,160.4016455
1753,17.7333045,73.91734937
1754,10.39128136,31.51475684
1755,28.94661043,145.8978487
1756,12.70448948,43.41377529
1757,28.59180609,153.017769
1758,33.42046772,164.1983085
1759,35.9195091,153.973533
1760,53.77573485,231.3690432
1761,40.17685926,131.3914554
1762,45.97032155,210.0715563
1763,191.7207695,1178.676924
1764,148.2938894,880.3239289
1765,70.28525441,340.0972753
1766,31.30236102,105.2919713
1767,52.01427457,244.2969061
1768,28.48747085,133.2238964
1769,25.48213331,70.68579798
1770,30.79402517,101.5415627
1771,17.07496736,42.88894286
1772,26.44932174,117.4404198
1773,19.35831067,80.72018652
1774,22.60628006,110.7441213
1775,24.71442967,142.8341375
1776,36.63430974,148.7998166
1777,55.41144355,266.8671037
1778,57.50534611,285.5802032
1779,30.45345514,119.8954159
1780,34.99808472,155.9895267
1781,35.4946021,150.2091738
1782,48.20440802,245.5823302
1783,53.70947791,248.4324337
1784,47.78356928,194.4663594
1785,36.99011139,121.8892247
1786,21.23091369,77.67054137
1787,26.25672718,95.84347853
1788,47.98204947,265.3852937
1789,38.13855202,187.3007137
1790,55.1196875,222.8044645
1791,26.33302142,120.9178173
1792,22.10593421,77.29130273
1793,43.77238833,171.7300053
1794,17.7729456,42.74025065
1795,15.07688767,36.69754321
1796,18.07439941,44.23102256
1797,15.22549683,32.2868833
1798,10.40310875,20.14518033
1799,16.94269601,40.58312832
1800,21.79437073,60.1665606
1801,42.90273136,177.8096557
1802,57.57021725,345.2736548
1803,26.31437173,125.5967316
1804,10.16892446,26.78392793
1805,13.63270714,29.46214418
1806,21.1274056,61.43422579
1807,11.64864701,33.26113759
1808,16.15649265,44.98887995
1809,27.03991786,70.62338599
1810,69.83395435,215.1907779
1811,46.34275234,135.2327199
1812,42.52450286,100.092059
1813,65.98560901,222.271611
1814,50.38661306,133.7405304
1815,58.76273782,237.7011144
1816,30.55899443,70.54482271
1817,219.8155406,1200.73829
1818,153.9139969,706.8528316
1819,156.2224123,638.7610887
1820,89.71515095,287.3673874
1821,74.63507936,237.9293894
1822,54.88206201,156.9856767
1823,46.79142147,128.3759014
1824,62.93215962,199.3809069
1825,49.59559114,155.9846199
1826,65.74034868,199.2147184
1827,78.61441862,306.612488
1828,81.94713915,276.1784584
1829,99.73305723,349.5479574
1830,83.35175927,316.8864578
1831,63.30096594,198.9752036
1832,123.0416545,531.8092567
1833,49.69305498,156.904111
1834,40.96678843,151.5243864
1835,32.40203984,98.36407513
1836,42.7094499,138.7240579
1837,37.82199716,168.0447668
1838,23.471415,92.06004497
1839,21.92495945,71.09297543
1840,21.60408834,65.23541242
1841,22.55054189,60.79124884
1842,21.79942877,51.7121377
1843,29.25888857,89.77481628
1844,33.57876073,99.49340375
1845,25.14457315,77.98420891
1846,107.286885,562.8516611
1847,92.99044478,410.6943793
1848,76.20026788,344.8644965
1849,16.30024533,65.91345604
1850,9.057240423,21.09100357
1851,41.71473818,196.9111908
1852,65.4426422,391.3064855
1853,49.45879619,289.0335532
1854,56.0584599,276.943153
1855,51.87293858,213.9008761
1856,69.92752888,263.4908136
1857,64.89359096,345.6713921
1858,12.18565537,45.54680394
1859,28.26046779,83.79649559
1860,14.54762435,42.90589038
1861,18.31945668,51.90035293
1862,20.57308101,53.24886103
1863,13.38735489,30.36727128
1864,25.10630915,88.14692272
1865,19.21584409,77.61941787
1866,22.00414865,70.11250746
1867,29.45050927,109.0923887
1868,33.43866369,136.5171574
1869,41.53130597,164.4623779
1870,113.5297223,500.3743083
1871,213.2281186,1223.236493
1872,126.1269458,602.3607261
1873,114.6523591,441.9187123
1874,76.59955178,265.1088542
1875,54.7277317,205.6899195
1876,47.66378803,163.2499602
1877,45.98547526,140.6982411
1878,29.14019335,77.56527984
1879,33.02196273,91.47764078
1880,31.80142311,81.88446074
1881,35.71071052,134.4414668
1882,20.50621869,59.39704145
1883,24.82239454,82.4460418
1884,49.0865898,168.2018702
1885,96.92029002,352.8857044
1886,72.95678109,254.0716273
1887,50.51501117,164.8348458
1888,49.59945778,188.0621363
1889,54.19682649,198.8718825
1890,63.8975737,243.3679143
1891,47.94841072,174.0012784
1892,45.0602727,184.9511538
1893,25.79180218,94.65177177
1894,21.04987111,115.6075294
1895,59.35608617,373.1365447
1896,51.06071535,276.7573788
1897,77.87698738,511.8225357
1898,42.92542058,268.8782971
1899,56.58221974,323.7059935
1900,23.40539152,122.6085409
1901,21.97421902,99.26696276
1902,21.63141216,110.6043107
1903,20.98039832,107.648754
1904,15.24842803,73.30249676
1905,11.3058562,39.7824362
1906,14.32928257,42.10711846
1907,15.62954946,51.07049032
1908,11.73118756,40.96744055
1909,13.00860228,54.77926524
1910,30.91940561,123.100161
1911,27.85816505,115.2682146
1912,33.44280716,148.8882434
1913,26.76910592,86.20650424
1914,25.61599625,100.9698059
1915,22.66566741,75.12143563
1916,93.77391099,558.0131228
1917,30.12009579,170.2212613
1918,21.02162482,107.570061
1919,11.98835376,41.49083945
1920,11.55575867,49.06733368
1921,8.684812616,23.59046312
1922,23.14421875,80.40873165
1923,28.15848321,105.3361533
1924,13.79099016,44.47724304
1925,22.09346673,85.36619572
1926,27.75057751,121.2726315
1927,16.43061333,58.92889997
1928,19.75326079,78.25084735
1929,13.74542388,47.63724616
1930,30.95596346,139.583547
1931,19.23208026,91.12620742
1932,17.64977237,74.07583364
1933,23.66756394,78.41069435
1934,31.10079996,118.6732091
1935,24.93881225,117.4025644
1936,68.30962078,414.3011023
1937,78.70225987,310.5857399
1938,41.52758545,158.6389326
1939,33.11820774,123.6725459
1940,28.00582757,92.16376312
1941,24.12892735,69.33668915
1942,23.28560746,77.1487827
1943,43.45549374,168.5369988
1944,28.75651223,111.080004
1945,14.06206169,40.58475605
1946,21.66226319,81.54636286
1947,27.70370411,119.0938453
1948,32.77920035,154.8915832
1949,40.96184382,163.6769693
1950,37.28596748,139.2907312
1951,43.79168298,181.4602775
1952,26.89737339,91.63126468
1953,26.54432163,79.39984876
1954,21.43762503,66.06356486
1955,80.6239752,446.8566555
1956,290.9196302,1642.418096
1957,99.69824745,401.936566
1958,40.71795878,157.6414943
1959,24.89767812,81.34940727
1960,25.09510601,106.9934767
1961,37.54714664,115.0426978
1962,56.71155393,199.1281139
1963,68.04189143,255.6708462
1964,34.00741069,104.1898987
1965,38.03706107,128.1483925
1966,34.45656847,114.9841216
1967,31.49477916,88.93553875
1968,106.5668942,444.4710214
1969,110.136364,429.6603765
1970,56.25279641,194.1293671
1971,47.84439009,139.611534
1972,60.74503072,299.1747402
1973,40.92728538,139.0985581
1974,44.96896422,124.7560902
1975,37.97308459,148.2475527
1976,33.45487111,129.9500675
1977,27.07485188,86.48005767
1978,20.43555109,69.9665741
1979,23.13333182,73.44147745
1980,19.35916713,67.92961343
1981,14.99867507,50.10102284
1982,15.74933663,65.85267485
1983,16.12929431,66.77828694
1984,24.27296079,123.3863029
1985,26.45953708,136.4642878
1986,33.71023842,156.2012589
1987,101.2947671,443.3810394
1988,38.47830284,139.0681281
1989,55.50877253,302.0228978
1990,36.18471494,120.547047
1991,49.4731507,183.2288857
1992,37.58164916,143.467611
1993,60.42470314,309.4441951
1994,31.37248699,120.0873668
1995,21.35400904,61.75126958
1996,19.22271463,62.87607795
1997,26.54669734,107.3237838
1998,26.9546823,109.8417298
1999,40.61023856,167.8693824
2000,29.72563073,122.8393947